id,name,subtype,extra_subtypes,onboarding,city,region,lat,lng,address,nearest_station,price_type,price_min_usd,deposit_usd,languages,duration_min,hours,closed_days,fix_targets,procedures,downtime_grade,downtime_days_max,needs_before,rating,review_count,active,missing_fields,url
11093,SOONSIKI Hair Hongdae Flagship | Seoul's Top-Rated Salon for International Guests,hair_salon,,CHANGE,Seoul,Hongdae,37.552268,126.922407,서울 마포구 와우산로21길 29 5F,"Sangsu (Line 6, 510m)",deposit,,24.3,en:listed;ko:listed,240,mon closed; tue closed; wed 10:00-19:00; thu 10:00-19:00; fri 10:00-19:00; sat 10:00-19:00; sun 10:00-19:00,mon;tue,,hair_cut_style:none:0-0d,none,0,,4.9,7942,True,price_min_usd,https://creatrip.com/en/spot/11093
11101,SOONSIKI Hair Hongdae MOMENT Branch | Seoul's Top-Rated Salon for International Guests,hair_salon,,CHANGE,Seoul,Hongdae,37.556489,126.924051,서울 마포구 양화로 164 8F,"Hongik Univ. (Line 2, 46m)",deposit,,24.3,en:mentioned;ko:listed,,mon closed; tue closed; wed 10:00-20:00; thu 10:00-20:00; fri 10:00-20:00; sat 10:00-20:00; sun 10:00-20:00,mon;tue,,hair_cut_style:none:0-0d,none,0,,4.9,4122,True,price_min_usd;duration_min,https://creatrip.com/en/spot/11101
11138,Time On Me Studio | Hongdae Photo Studio,photo_studio,,PHOTO,Seoul,Hongdae,37.555207,126.920077,서울 마포구 동교로 156-13 B1,"Hongik Univ. (Line 2, 358m)",paid,25.84,,en:listed;ko:listed;zh:listed,,mon 10:00-18:00; tue 10:00-18:00; wed 10:00-18:00; thu 10:00-18:00; fri 10:00-18:00; sat 10:00-17:00; sun closed,sun,face,photo:none:0-0d;makeup:none:0-0d;hair_cut_style:none:0-0d,none,0,dermatology;hair_salon;personal_color,4.9,436,True,duration_min,https://creatrip.com/en/spot/11138
11281,JUNO HAIR | Hongdae 1st Branch,hair_salon,,CHANGE,Seoul,Hongdae,37.553857,126.922772,"서울 마포구 홍익로 17, 3F","Hongik Univ. (Line 2, 331m)",deposit,,99.29,en:listed;ko:mentioned;zh:listed,,mon 10:00-20:00; tue 10:00-20:00; wed 10:00-20:00; thu 10:00-20:00; fri 10:00-20:00; sat 10:00-19:00; sun 10:00-19:00,,,hair_cut_style:none:0-0d,none,0,,5.0,4600,True,price_min_usd;duration_min,https://creatrip.com/en/spot/11281
11318,Choco Busy Nail,nail_art,,CHANGE,Busan,Haeundae,35.162601,129.164001,부산 해운대구 중동1로37번길 9,,paid,18.41,,en:listed;ja:listed;ko:listed;vi:listed,,mon 09:30-22:00; tue 09:30-22:00; wed 09:30-22:00; thu 09:30-22:00; fri 09:30-22:00; sat 09:30-22:00; sun 10:30-21:00,,face,nail:none:0-0d;lash_lift:none:0-1d;waxing:low:0-1d,low,1,,4.8,320,True,duration_min,https://creatrip.com/en/spot/11318
11331,JUNO HAIR | Myeongdong 2nd,hair_salon,,CHANGE,Seoul,Myeongdong,37.561569,126.984005,서울 중구 명동8나길 18 3F,"Myeong-dong (Line 4, 380m)",deposit,,99.29,en:listed,,mon 10:00-21:30; tue 10:00-21:30; wed 10:00-21:30; thu 10:00-21:30; fri 10:00-21:30; sat 10:00-21:30; sun 10:00-21:30,,,hair_cut_style:none:0-0d,none,0,,4.9,12374,True,price_min_usd;duration_min,https://creatrip.com/en/spot/11331
11334,JUNO HAIR | Gangnam Square Branch,hair_salon,,CHANGE,Seoul,Gangnam,37.498622,127.028064,서울 강남구 테헤란로 101 3F,"Gangnam (Line 2, 87m)",deposit,,100.43,en:listed,,mon 10:00-21:00; tue 10:00-21:00; wed 10:00-21:00; thu 10:00-21:00; fri 10:00-21:00; sat 10:00-21:00; sun 10:00-21:00,,,hair_cut_style:none:0-0d,none,0,,4.2,73,True,price_min_usd;duration_min,https://creatrip.com/en/spot/11334
11338,JUNO HAIR | Sinnonhyeon,hair_salon,,CHANGE,Seoul,Gangnam,37.502059,127.026057,서울 강남구 강남대로 442 2F,"Sinnonhyeon (Line 9, 312m)",deposit,,100.43,en:listed;zh:listed,,mon 10:00-21:00; tue 10:00-21:00; wed 10:00-21:00; thu 10:00-21:00; fri 10:00-21:00; sat 10:00-21:00; sun 10:00-21:00,,,hair_cut_style:none:0-0d,none,0,,4.9,77,True,price_min_usd;duration_min,https://creatrip.com/en/spot/11338
11352,Woori Dongnae Photo Studio Hongdae,photo_studio,,PHOTO,Seoul,Hongdae,37.556944,126.925259,서울 마포구 홍익로6길 74 3F,"Hongik Univ. (Line 2, 138m)",paid,25.77,,en:listed;ko:listed;zh:mentioned,60,mon 10:00-19:30; tue 10:00-19:30; wed 10:00-19:30; thu 10:00-19:30; fri 10:00-19:30; sat 10:00-19:30; sun 13:00-19:30,,face,photo:none:0-0d;makeup:none:0-0d,none,0,dermatology;hair_salon;personal_color,4.8,236,True,,https://creatrip.com/en/spot/11352
11388,Flowery Way Photo Studio | Daegu,photo_studio,,PHOTO,Daegu,Banwoldang,35.866437,128.603017,대구 중구 공평로8길 55 3F,,paid,89.27,,en:listed;ko:listed;zh:listed,60,mon closed; tue closed; wed 11:00-19:00; thu 11:00-19:00; fri 11:00-19:00; sat 11:00-19:00; sun 11:00-19:00,mon;tue,,photo:none:0-0d,none,0,dermatology;hair_salon;personal_color,4.5,43,True,,https://creatrip.com/en/spot/11388
11446,LIAN MEDI CENTER (FORMER JULIET BEAUTY) | Korean Semi-Permanent Eyebrows,permanent_makeup,,CHANGE,Busan,Seomyeon,35.156131,129.058001,부산 부산진구 서면로 60 6F,,paid,25.96,,en:mentioned;ja:listed;ko:listed;zh:listed,,"mon closed; tue 10:00-13:00,14:00-18:00; wed 10:00-13:00,14:00-21:00; thu 10:00-13:00,14:00-18:00; fri 10:00-13:00,14:00-21:00; sat 10:00-13:00,14:00-15:00; sun closed",mon;sun,face,brow_tattoo:high:5-7d;eyeliner_tattoo:low:2-4d;lip_tattoo:high:5-7d;scalp_tattoo:low:2-4d;makeup:none:0-0d,high,7,,4.7,47,True,duration_min,https://creatrip.com/en/spot/11446
11460,Woori Dongnae Photo Studio Jongro,photo_studio,,PHOTO,Seoul,Jongro,37.569901,126.985001,서울 종로구 종로 70 5F,"Jonggak (Line 1, 169m)",paid,18.42,,en:listed;ko:listed,,mon 09:30-19:30; tue 09:30-19:30; wed 09:30-19:30; thu 09:30-19:30; fri 09:30-19:30; sat 10:00-19:00; sun closed,sun,,photo:none:0-0d,none,0,dermatology;hair_salon;personal_color,4.6,185,True,duration_min,https://creatrip.com/en/spot/11460
11507,TATOA | Skin Treatments & Laser Hair Removal,dermatology,,FIX,Seoul,Sinsa,37.517488,127.019537,서울 강남구 강남대로 624 2F,"Sinsa (Line 3, 132m)",free_reservation,,,en:listed;ko:listed;zh:listed,,mon 10:00-20:00; tue 10:00-20:00; wed 10:00-20:00; thu 10:00-20:00; fri 10:00-20:00; sat 10:00-15:00; sun closed,sun,face;skin,botox:none:0-1d;filler:low:1-3d;thread_lift:high:3-7d;soothing:none:0-0d;waxing:low:0-1d,high,7,,4.9,14,True,price_min_usd;duration_min,https://creatrip.com/en/spot/11507
11550,Tea Therapy,massage,,RESTORE,Seoul,Bukchon,37.579102,126.984001,서울 종로구 윤보선길 74,"Anguk (Line 3, 311m)",paid,13.29,,en:mentioned;ja:listed,,mon 10:00-21:00; tue 10:00-21:00; wed 10:00-21:00; thu 10:00-21:00; fri 10:00-21:00; sat 10:00-21:00; sun 10:00-20:00,,,massage:none:0-0d,none,0,,4.8,33,True,duration_min,https://creatrip.com/en/spot/11550
11721,L Creer,makeup,,CHANGE,Seoul,Sinsa,37.520882,127.02319,서울 강남구 도산대로15길 41,"Sinsa (Line 3, 558m)",paid,41.92,,en:mentioned;ko:mentioned,20,mon 11:00-22:00; tue 11:00-22:00; wed 11:00-22:00; thu 11:00-22:00; fri 11:00-22:00; sat 11:00-19:00; sun closed,sun,face,makeup:none:0-0d,none,0,,4.0,4,True,,https://creatrip.com/en/spot/11721
12748,WONJIN PLASTIC SURGERY GLOBAL HUB | Treatments Performed by the Chief Surgeon,dermatology,,FIX,Seoul,Gangnam,37.499816,127.026248,서울 서초구 강남대로 419 12F,"Gangnam (Line 2, 236m)",free_reservation,,,en:listed;ja:listed;ko:listed;zh:listed,30,mon 10:00-19:00; tue 10:00-19:00; wed 10:00-19:00; thu 10:00-19:00; fri 10:00-19:00; sat 10:00-17:00; sun closed,sun,face;skin,botox:none:0-1d;hifu:none:0-1d;skin_booster:low:1-3d;rf_lifting:none:0-1d;volume_booster:low:1-3d,low,3,,4.5,437,True,price_min_usd,https://creatrip.com/en/spot/12748
12899,Ohui & Whoo Spa Myeongdong,massage,,RESTORE,Seoul,Myeongdong,37.562019,126.985797,서울 중구 명동10길 41,"Euljiro 3(sam)-ga (Line 2, 398m)",paid,72.94,,en:listed;ja:listed,60,mon 10:00-22:00; tue 10:00-22:00; wed 10:00-22:00; thu 10:00-22:00; fri 10:00-22:00; sat 10:00-22:00; sun 10:00-22:00,,skin,soothing:none:0-0d;massage:none:0-0d;hair_cut_style:none:0-0d;nail:none:0-0d;body_scrub:none:0-0d,none,0,,4.6,163,True,,https://creatrip.com/en/spot/12899
12918,Wooa Plastic Surgery & Dermatology,dermatology,,FIX,Seoul,Gangnam,37.506206,127.024113,서울 강남구 강남대로 492 10F,"Sinnonhyeon (Line 9, 191m)",free_reservation,,,en:listed;ja:listed;ko:listed;zh:listed,,mon 10:00-20:30; tue 10:00-19:00; wed 10:00-19:00; thu 10:00-19:00; fri 10:00-20:30; sat 10:00-17:00; sun 10:00-17:00,,skin,acne:low:0-2d;soothing:none:0-0d,low,2,,4.7,140,True,price_min_usd;duration_min,https://creatrip.com/en/spot/12918
12944,Immune Gongbang in Myeongdong,sauna,,RESTORE,Seoul,Myeongdong,37.559727,126.985441,서울 중구 퇴계로20길 2 B2,"Myeong-dong (Line 4, 290m)",paid,12.54,,en:listed;ja:listed;ko:listed,,mon 07:00-21:00; tue 07:00-21:00; wed 07:00-21:00; thu 07:00-21:00; fri 07:00-21:00; sat 07:00-21:00; sun 07:00-21:00,,,sauna:none:0-0d,none,0,,5.0,48,True,duration_min,https://creatrip.com/en/spot/12944
13071,S: Re Born Clinic | The Leading Lifting Clinic (Ultherapy Specialized Doctor),dermatology,,FIX,Seoul,Hongdae,37.55643,126.923872,서울 마포구 양화로 162 8F,"Hongik Univ. (Line 2, 41m)",free_reservation,,,en:listed;ko:listed;zh:listed,,"mon 10:30-14:00,15:00-20:30; tue 10:30-14:00,15:00-20:30; wed 10:30-14:00,15:00-20:30; thu 13:00-21:00; fri 10:30-14:00,15:00-20:30; sat 10:00-16:00; sun closed",sun,face;skin,skin_booster:low:1-3d;soothing:none:0-0d;filler:low:1-3d;botox:none:0-1d,low,3,,4.9,686,True,price_min_usd;duration_min,https://creatrip.com/en/spot/13071
13106,Oneulgwa Daleun Nail Hongdae,nail_art,,CHANGE,Seoul,Hongdae,37.556078,126.923449,서울 마포구 양화로 156 B1 107호,"Hongik Univ. (Line 2, 76m)",paid,7.36,,en:listed;ko:listed,,mon 11:30-21:00; tue 11:30-21:00; wed 11:30-21:00; thu 11:30-21:00; fri 11:30-21:00; sat 11:30-21:00; sun closed,sun,,nail:none:0-0d,none,0,,4.8,70,True,duration_min,https://creatrip.com/en/spot/13106
13165,[Special Event] HOSU DOSAN | Hair & Makeup & Studio,hair_salon,,CHANGE,Seoul,Apgujeong,37.521613,127.037692,서울 강남구 도산대로50길 13 4F,"Apgujeong rodeo (Suin·Bundang Line, 389m)",paid,19.13,,en:listed;ja:mentioned;ko:listed,120,mon closed; tue 07:30-19:00; wed 07:30-19:00; thu 07:30-19:00; fri 07:30-19:00; sat 07:30-19:00; sun 07:30-19:00,mon,face;skin,makeup:none:0-0d;hair_cut_style:none:0-0d;peel:none:0-1d;massage:none:0-0d;photo:none:0-0d;soothing:none:0-0d,none,1,,4.9,810,True,,https://creatrip.com/en/spot/13165
13200,Happy Skin | Book a Spa in Myeongdong,massage,,RESTORE,Seoul,Myeongdong,37.561911,126.986902,서울 중구 명동8가길 33 7F,"Myeong-dong (Line 4, 154m)",paid,47.07,,en:listed;ja:listed;ko:listed,60,mon 10:30-22:00; tue 10:30-22:00; wed 10:30-22:00; thu 10:30-22:00; fri 10:30-22:00; sat 10:00-22:30; sun 10:00-22:30,,skin,acne:low:0-2d;massage:none:0-0d,low,2,,4.4,26,True,,https://creatrip.com/en/spot/13200
13202,Shilla Esthetic - Aesthetic Spa to Relieve Full-Body Fatigue,massage,,RESTORE,Seoul,Myeongdong,37.561749,126.98796,서울 중구 명동8가길 52 2F,"Myeong-dong (Line 4, 82m)",paid,59.52,,en:listed;ja:listed;ko:listed,60,mon 10:00-22:00; tue 10:00-22:00; wed 10:00-22:00; thu 10:00-22:00; fri 10:00-22:00; sat 10:00-22:00; sun 10:00-22:00,,skin,laser_toning:none:0-1d;massage:none:0-0d,none,1,,4.9,476,True,,https://creatrip.com/en/spot/13202
13203,Janggeum Spa Esthetic | Book a Myeongdong Spa,massage,,RESTORE,Seoul,Myeongdong,37.564914,126.984195,서울 중구 명동7길 25 4F,"Euljiro 1(il)-ga (Line 2, 187m)",paid,44.64,,en:listed;ja:listed;ko:listed,,mon 10:00-23:00; tue 10:00-23:00; wed 10:00-23:00; thu 10:00-23:00; fri 10:00-23:00; sat 10:00-23:00; sun 10:00-23:00,,,massage:none:0-0d,none,0,,4.8,9,True,duration_min,https://creatrip.com/en/spot/13203
13214,Cheongdam Eclat De | 1:1 Premium Dermatology Clinic,dermatology,,FIX,Seoul,Gangnam,37.523054,127.042195,서울 강남구 도산대로 420 4F,"Apgujeong rodeo (Suin·Bundang Line, 503m)",free_reservation,103.09,,ar:mentioned;en:listed;ja:listed;ko:listed;zh:listed,,mon 10:00-19:00; tue 10:00-20:00; wed 10:00-19:00; thu 10:00-19:00; fri 10:00-20:00; sat 10:00-17:00; sun closed,sun,face;skin,hifu:none:0-1d;soothing:none:0-0d;rf_lifting:none:0-1d;skin_booster:low:1-3d;volume_booster:low:1-3d;laser_toning:none:0-1d;acne:low:0-2d;peel:none:0-1d;microneedle:low:2-4d,low,4,,4.9,259,True,duration_min,https://creatrip.com/en/spot/13214
13233,JUNO HAIR | Seomyeon Station Branch,hair_salon,,CHANGE,Busan,Seomyeon,35.157104,129.057507,부산 부산진구 서면로 71,,deposit,,99.29,en:listed;ko:listed,,mon 10:00-21:00; tue 10:00-21:00; wed 10:00-21:00; thu 10:00-21:00; fri 10:00-21:00; sat 10:00-21:00; sun 10:00-21:00,,,hair_cut_style:none:0-0d,none,0,,4.4,30,True,price_min_usd;duration_min,https://creatrip.com/en/spot/13233
13261,Sparex Dongdaemun | Korean Jjimjilbang(Sauna) in Dongdaemun,sauna,,RESTORE,Seoul,Dongdaemun,37.566802,127.007357,서울 중구 장춘단로 247 B3,"Dongdaemun History  Culture Park (Line 2, 296m)",paid,5.15,,en:listed;ko:listed;zh:mentioned,,mon 00:00-24:00; tue 00:00-24:00; wed 00:00-24:00; thu 00:00-24:00; fri 00:00-24:00; sat 00:00-24:00; sun 00:00-24:00,,,sauna:none:0-0d;body_scrub:none:0-0d,none,0,,4.2,1055,True,duration_min,https://creatrip.com/en/spot/13261
13269,CHOP Hair Gangnam Branch | Foreigner-Friendly Hair Salon,hair_salon,,CHANGE,Seoul,Gangnam,37.502086,127.027169,서울 강남구 강남대로102길 16 2F,"Sinnonhyeon (Line 9, 342m)",deposit,,22.32,en:listed;ko:listed;zh:mentioned,,mon 10:30-20:00; tue 10:30-20:00; wed 10:30-20:00; thu 10:30-20:00; fri 10:30-20:00; sat 10:30-20:00; sun 10:30-20:00,,,hair_cut_style:none:0-0d,none,0,,4.9,191,True,price_min_usd;duration_min,https://creatrip.com/en/spot/13269
13307,JIWOO CLINIC | A Leading Lifting Clinic That Erases the Marks of Time,dermatology,,FIX,Seoul,Gangnam,37.49868,127.028747,서울 강남구 테헤란로 107 14F,"Gangnam (Line 2, 133m)",free_reservation,,,en:listed;ja:listed;ko:listed;zh:listed,,"mon 10:00-13:30,14:30-19:00; tue 10:00-13:30,14:30-19:00; wed 10:00-13:30,14:30-19:00; thu 10:00-13:30,14:30-19:00; fri 10:00-13:30,14:30-20:00; sat 09:30-16:00; sun closed",sun,face;skin,hifu:none:0-1d;rf_lifting:none:0-1d;skin_booster:low:1-3d;botox:none:0-1d,low,3,,4.9,17,True,price_min_usd;duration_min,https://creatrip.com/en/spot/13307
13315,English Personal Color Analysis & Styling | Color of You Hongdae,personal_color,,CHANGE,Seoul,Hongdae,37.55872,126.923344,서울 마포구 동교로 209 3F,"Hongik Univ. (Line 2, 221m)",paid,151.68,,en:listed;ja:listed;ko:listed;zh:listed,50,mon 11:00-21:00; tue 11:00-21:00; wed 11:00-21:00; thu 11:00-21:00; fri 11:00-21:00; sat 11:00-21:00; sun 11:00-21:00,,,personal_color:none:0-0d,none,0,,5.0,397,True,,https://creatrip.com/en/spot/13315
13319,Art de la Peau Massage Shop | Myeongdong,massage,,RESTORE,Seoul,Myeongdong,37.564519,126.983305,서울 중구 명동7가길 20 3F,"Euljiro 1(il)-ga (Line 2, 177m)",paid,64.8,,en:listed;ja:listed;ko:listed,60,mon 10:00-22:00; tue 10:00-22:00; wed 10:00-22:00; thu 10:00-22:00; fri 10:00-22:00; sat 10:00-22:00; sun 10:00-22:00,,face;skin,peel:none:0-1d;soothing:none:0-0d;massage:none:0-0d;laser_toning:none:0-1d;hifu:none:0-1d,none,1,,5.0,1788,True,,https://creatrip.com/en/spot/13319
13335,"Onlif Clinic | Lifting Specialty, Skin Procedures & Treatments",dermatology,,FIX,Seoul,Gangnam,37.498266,127.026836,서울 서초구 강남대로 399 2F,"Gangnam (Line 2, 71m)",deposit,,14.73,en:listed;ja:listed;ko:listed;th:listed;zh:listed,,mon 10:00-21:00; tue 10:00-21:00; wed 10:00-21:00; thu 10:00-21:00; fri 10:00-21:00; sat 09:30-17:00; sun 09:30-17:00,,face;skin,hifu:none:0-1d;rf_lifting:none:0-1d;skin_booster:low:1-3d;soothing:none:0-0d;fat_dissolve:low:1-3d;filler:low:1-3d;botox:none:0-1d;volume_booster:low:1-3d;laser_toning:none:0-1d;peel:none:0-1d,low,3,,4.9,1356,True,price_min_usd;duration_min,https://creatrip.com/en/spot/13335
13336,LE SHINE Clinic | High-end Skin Clinic in Seoul,dermatology,,FIX,Seoul,Gangnam,37.498679,127.025042,서울 서초구 강남대로61길 17,"Gangnam (Line 2, 234m)",free_reservation,,,en:listed;ja:listed;ko:listed;zh:listed,,"mon 10:00-13:00,14:00-21:00; tue 10:00-13:00,14:00-21:00; wed 10:00-13:00,14:00-21:00; thu 10:00-13:00,14:00-21:00; fri 10:00-13:00,14:00-21:00; sat 10:00-13:00,14:00-19:00; sun 10:00-13:00,14:00-19:00",,face;skin,filler:low:1-3d;rf_lifting:none:0-1d;skin_booster:low:1-3d,low,3,,4.6,114,True,price_min_usd;duration_min,https://creatrip.com/en/spot/13336
13374,Hey Objet Nail Art | Hongdae Nail Salon,nail_art,,CHANGE,Seoul,Hongdae,37.555615,126.925623,서울 마포구 어울마당로 136-24 2F,"Hongik Univ. (Line 2, 642m)",paid,8.84,,en:listed;ja:listed;ko:listed;zh:listed,,mon 12:00-21:00; tue 12:00-21:00; wed 12:00-21:00; thu 12:00-21:00; fri 12:00-21:00; sat 12:00-21:00; sun 12:00-21:00,,,nail:none:0-0d,none,0,,4.8,51,True,duration_min,https://creatrip.com/en/spot/13374
13387,Damppeum Personal Color | Seongsu Branch,personal_color,,CHANGE,Seoul,Seongsudong,37.542338,127.054766,서울 성동구 연무장길 50-1 604호 ,"Ttukseom (Line 2, 260m)",paid,132.39,,en:listed;ja:mentioned;ko:listed;zh:listed,,mon 10:45-20:00; tue 10:45-20:00; wed 10:45-20:00; thu 10:45-20:00; fri 10:45-20:00; sat 10:45-20:00; sun 10:45-20:00,,,personal_color:none:0-0d,none,0,,4.9,22,True,duration_min,https://creatrip.com/en/spot/13387
13436,Building Owen Morgen | Photography Studio,photo_studio,,PHOTO,Busan,Yeongdo,35.077889,129.045974,부산 영도구 절영로 226,,paid,11.16,,en:listed;ko:listed;zh:mentioned,,mon 11:00-17:00; tue 11:00-17:00; wed 11:00-17:00; thu 11:00-17:00; fri 11:00-17:00; sat 11:00-17:00; sun 11:00-17:00,,,photo:none:0-0d,none,0,dermatology;hair_salon;personal_color,4.9,12,True,duration_min,https://creatrip.com/en/spot/13436
13442,Moi Hair & Makeup | Make-up Consulting,makeup,,CHANGE,Seoul,Hongdae,37.558365,126.925126,서울 마포구 양화로 183 B1,"Hongik Univ. (Line 2, 222m)",paid,110.45,,en:listed;ja:listed;ko:listed;zh:listed,,mon 05:00-18:00; tue 05:00-18:00; wed 05:00-18:00; thu 05:00-18:00; fri 05:00-18:00; sat 05:00-18:00; sun 05:00-18:00,,face,makeup:none:0-0d,none,0,,4.3,41,True,duration_min,https://creatrip.com/en/spot/13442
13444,Quick Body Healing Center | Seoul Massage,massage,,RESTORE,Seoul,Dongdaemun,37.568114,127.008471,서울 중구 장충단로 263 14F,"Dongdaemun (Line 1, 314m)",paid,40.45,,en:mentioned;ja:listed;ko:listed;zh:listed,60,mon 11:00-02:00; tue 11:00-02:00; wed 11:00-02:00; thu 11:00-02:00; fri 11:00-02:00; sat 11:00-02:00; sun 11:00-02:00,,,massage:none:0-0d,none,0,,4.9,10,True,,https://creatrip.com/en/spot/13444
13466,JUNO Hair Myeongdong Street Branch | Popular Foreigner-friendly Salon in Myeongdong,hair_salon,,CHANGE,Seoul,Myeongdong,37.562057,126.985872,서울 중구 명동10길 41 7F,"Myeong-dong (Line 4, 239m)",deposit,,99.69,en:listed;ja:listed;zh:listed,60,mon 10:00-21:00; tue 10:00-21:00; wed 10:00-21:00; thu 10:00-21:00; fri 10:00-21:00; sat 10:00-21:00; sun 10:00-21:00,,,hair_cut_style:none:0-0d,none,0,,5.0,14554,True,price_min_usd,https://creatrip.com/en/spot/13466
13482,Korea Spa | Myeongdong Spa,massage,,RESTORE,Seoul,Myeongdong,37.564164,126.984544,서울 중구 명동7길 8,"Euljiro 1(il)-ga (Line 2, 268m)",paid,102.97,,en:listed;ko:listed;zh:listed,90,mon 11:00-23:00; tue 11:00-23:00; wed 11:00-23:00; thu 11:00-23:00; fri 11:00-23:00; sat 11:00-23:00; sun 11:00-23:00,,skin,soothing:none:0-0d;massage:none:0-0d;peel:none:0-1d,none,1,,4.6,103,True,,https://creatrip.com/en/spot/13482
13484,Golden Sauna | Myeongdong,sauna,,RESTORE,Seoul,Myeongdong,37.561996,126.986554,서울 중구 명동8가길 27 B2,"Myeong-dong (Line 4, 184m)",paid,14.76,,en:mentioned;ko:mentioned;zh:mentioned,,mon 00:00-24:00; tue 00:00-24:00; wed 00:00-24:00; thu 00:00-24:00; fri 00:00-24:00; sat 00:00-24:00; sun 00:00-24:00,,,sauna:none:0-0d;body_scrub:none:0-0d,none,0,,3.9,114,True,duration_min,https://creatrip.com/en/spot/13484
13489,My Color Lab | Personal Color Consultation in Myeongdong,personal_color,,CHANGE,Seoul,Euljiro,37.567508,126.984275,서울 중구 남대문로10길 28 903호,"City Hall (Line 1, 638m)",paid,110.45,,en:listed;ko:listed,60,mon 11:00-19:00; tue 11:00-19:00; wed 11:00-19:00; thu 11:00-19:00; fri 11:00-19:00; sat closed; sun closed,sat;sun,face,makeup:none:0-0d;personal_color:none:0-0d,none,0,,5.0,43,True,,https://creatrip.com/en/spot/13489
13493,Pro Beauty | Myeongdong Nail Art,nail_art,,CHANGE,Seoul,Myeongdong,37.561763,126.985522,서울 중구 명동8가길 9 3F,"Myeong-dong (Line 4, 255m)",paid,11.04,,en:listed;ko:listed;zh:listed,30,mon 11:00-21:00; tue 11:00-21:00; wed 11:00-21:00; thu 11:00-21:00; fri 11:00-21:00; sat 11:00-21:00; sun 11:00-21:00,,face,nail:none:0-0d;hair_cut_style:none:0-0d;lash_lift:none:0-1d;waxing:low:0-1d,low,1,,4.9,3271,True,,https://creatrip.com/en/spot/13493
13512,Hongdae 24-Hour Bulgama Sauna,sauna,,RESTORE,Seoul,Hongdae,37.558873,126.927394,서울 서대문구 신촌로 1 B2,"Hongik Univ. (Line 2, 406m)",paid,8.1,,en:listed;ko:listed;zh:listed,,mon 00:00-24:00; tue 00:00-24:00; wed 00:00-24:00; thu 00:00-24:00; fri 00:00-24:00; sat 00:00-24:00; sun 00:00-24:00,,,sauna:none:0-0d,none,0,,3.8,191,True,duration_min,https://creatrip.com/en/spot/13512
13539,Asuca | Myeongdong Spa,massage,,RESTORE,Seoul,Myeongdong,37.559374,126.985943,서울 중구 퇴계로20길 19 3F,"Myeong-dong (Line 4, 278m)",paid,33.22,,en:mentioned;ja:listed;ko:listed;zh:mentioned,60,mon 10:00-22:00; tue 10:00-22:00; wed 10:00-22:00; thu 10:00-22:00; fri 10:00-22:00; sat 10:00-22:00; sun 10:00-22:00,,,massage:none:0-0d,none,0,,4.7,11,True,,https://creatrip.com/en/spot/13539
13557,ACEUMDU by SOONSIKI Hair,hair_salon,,CHANGE,Seoul,Hongdae,37.55397,126.92138,서울 마포구 홍익로5길 19,"Hongik Univ. (Line 2, 368m)",paid,14.43,,en:listed;ko:listed,,mon closed; tue closed; wed 10:00-19:00; thu 10:00-19:00; fri 10:00-19:00; sat 10:00-19:00; sun 10:00-19:00,mon;tue,skin,hair_cut_style:none:0-0d;soothing:none:0-0d;photo:none:0-0d,none,0,,4.9,1428,True,duration_min,https://creatrip.com/en/spot/13557
13558,Korean Celebrity & Influencer's Favorite Personal Color Analysis | Korea Fashion Psychology Institute Cheongdam,personal_color,,CHANGE,Seoul,Apgujeong,37.526798,127.040723,서울 강남구 선릉로 840 4F,"Apgujeong rodeo (Suin·Bundang Line, 67m)",paid,169.36,,en:listed;ko:listed;zh:listed,60,mon 10:00-19:00; tue 10:00-19:00; wed 10:00-19:00; thu 10:00-19:00; fri 10:00-19:00; sat 10:00-19:00; sun 10:00-19:00,,,personal_color:none:0-0d,none,0,,5.0,440,True,,https://creatrip.com/en/spot/13558
13559,VIVID KANG | Personal Color Analysis,personal_color,,CHANGE,Seoul,Hongdae,37.558841,126.925876,서울 마포구 양화로 193 4F,"Hongik Univ. (Line 2, 305m)",paid,130.19,,en:listed;ja:listed;ko:listed;zh:listed,120,mon 10:00-22:00; tue 10:00-22:00; wed 10:00-22:00; thu 10:00-22:00; fri 10:00-22:00; sat 10:00-22:00; sun 10:00-22:00,,face,personal_color:none:0-0d;makeup:none:0-0d,none,0,,5.0,26,True,,https://creatrip.com/en/spot/13559
13570,Colorga sanda Hongdae Donggyo Center Branch | Personal Color Analysis,personal_color,,CHANGE,Seoul,Hongdae,37.558493,126.924163,서울 마포구 양화로19길 22-8 B1F,"Hongik Univ. (Line 2, 95m)",paid,95.61,,en:listed;ja:listed;ko:listed;zh:listed,,mon 11:00-21:30; tue 11:00-21:30; wed 11:00-21:30; thu 11:00-21:30; fri 11:00-21:30; sat 11:00-21:30; sun 11:00-21:30,,,personal_color:none:0-0d,none,0,,4.9,127,True,duration_min,https://creatrip.com/en/spot/13570
13573,Medicube Clinic Gangnam | Premium Skincare,dermatology,,FIX,Seoul,Gangnam,37.503481,127.024573,서울 서초구 강남대로 463 6F,"Sinnonhyeon (Line 9, 164m)",deposit,,14.73,en:listed;es:mentioned;ja:mentioned;ko:listed;zh:mentioned,,"mon 10:30-13:00,14:00-20:00; tue 10:30-13:00,14:00-19:00; wed 10:30-13:00,14:00-19:00; thu 10:30-13:00,14:00-20:00; fri 10:30-13:00,14:00-20:00; sat 10:30-16:00; sun closed",sun,,,,,,5.0,916,True,price_min_usd;duration_min;procedures,https://creatrip.com/en/spot/13573
13574,Soonsoo | Celebrity Hair & Makeup Salon in Cheongdam,makeup,hair_salon,CHANGE,Seoul,Gangnam,37.524098,127.043092,서울 강남구 도산대로61길 4,"Apgujeong rodeo (Suin·Bundang Line, 429m)",paid,48.74,,en:listed;ko:listed,120,mon 10:00-18:00; tue 10:00-18:00; wed 10:00-18:00; thu 10:00-18:00; fri 10:00-18:00; sat 10:00-18:00; sun 10:00-18:00,,face,makeup:none:0-0d;hair_cut_style:none:0-0d,none,0,,4.3,249,True,,https://creatrip.com/en/spot/13574
13575,CCL Color Image Convergence Lab | Personal Color Analysis,personal_color,makeup,CHANGE,Seoul,Seongsudong,37.540678,127.05608,서울 성동구 성수이로 66 7F,"Seongsu (Line 2, 439m)",paid,89.27,,en:listed;ja:listed;ko:listed;zh:listed,40,mon 11:00-21:00; tue 11:00-21:00; wed 11:00-21:00; thu 11:00-21:00; fri 11:00-21:00; sat 11:00-21:00; sun 11:00-21:00,,face,personal_color:none:0-0d;makeup:none:0-0d,none,0,,4.9,17,True,,https://creatrip.com/en/spot/13575
13581,COCORY Color Yeonhui Main Branch | Personal Color Analysis,personal_color,,CHANGE,Seoul,Hongdae,37.574233,126.935237,서울 서대문구 연희로 193-3,,paid,123.7,,en:listed;ja:mentioned;ko:listed;zh:listed,60,mon 09:00-18:00; tue 09:00-18:00; wed 09:00-18:00; thu 09:00-18:00; fri 09:00-18:00; sat 09:00-18:00; sun 09:00-18:00,,,personal_color:none:0-0d,none,0,,4.8,164,True,,https://creatrip.com/en/spot/13581
13583,Hongdae Shin Jiyoon Skincare Salon  - Facial Contouring,massage,,RESTORE,Seoul,Hongdae,37.556114,126.923449,서울 마포구 양화로 156 11F,"Hongik Univ. (Line 2, 73m)",paid,148.79,,en:listed;ko:listed,80,mon 11:00-21:00; tue 11:00-21:00; wed 11:00-21:00; thu 11:00-21:00; fri 11:00-21:00; sat 11:00-16:00; sun closed,sun,skin,laser_toning:none:0-1d;soothing:none:0-0d;massage:none:0-0d,none,1,,4.9,77,True,,https://creatrip.com/en/spot/13583
13588,LediU | Hongdae Makeup Shop,makeup,,CHANGE,Seoul,Hongdae,37.557657,126.919809,서울 마포구 동교로23길 40 6F,"Hongik Univ. (Line 2, 353m)",paid,48.36,,en:listed;ko:listed,90,mon 10:00-19:00; tue 10:00-19:00; wed 10:00-19:00; thu 10:00-19:00; fri 10:00-19:00; sat 10:00-19:00; sun 10:00-19:00,,face,hair_cut_style:none:0-0d;makeup:none:0-0d,none,0,,4.9,71,True,,https://creatrip.com/en/spot/13588
13597,Image HO Personal Color Analysis | Hongdae,personal_color,,CHANGE,Seoul,Hongdae,37.555965,126.927297,서울 마포구 와우산로29길 54 4F,"Hongik Univ. (Line 2, 334m)",paid,80.9,,en:listed;ja:listed;ko:listed;zh:listed,,mon 09:00-19:00; tue closed; wed closed; thu 09:00-19:00; fri 09:00-19:00; sat 09:00-19:00; sun 09:00-19:00,tue;wed,face,personal_color:none:0-0d;makeup:none:0-0d,none,0,,5.0,57,True,duration_min,https://creatrip.com/en/spot/13597
13632,Lee Kyungmin Foret Garden | Busan Hair Salon,makeup,hair_salon,CHANGE,Busan,Haeundae,35.163424,129.164554,부산 해운대구 중동2로 16 6F,,deposit,,29.54,en:listed;ko:listed;zh:mentioned,,mon 10:00-20:00; tue 10:00-20:00; wed 10:00-20:00; thu 10:00-20:00; fri 10:00-20:00; sat 10:00-20:00; sun 10:00-20:00,,face,hair_cut_style:none:0-0d;makeup:none:0-0d,none,0,,5.0,56,True,price_min_usd;duration_min,https://creatrip.com/en/spot/13632
13636,And Allis | Hongdae K-Beauty Makeup Shop,makeup,,CHANGE,Seoul,Hapjeong,37.548742,126.91781,서울 마포구 양화로6길 65 6F,"Hapjeong (Line 2, 377m)",paid,51.54,,en:listed;ko:listed,90,mon 08:00-19:00; tue closed; wed 08:00-19:00; thu 08:00-19:00; fri 08:00-19:00; sat 08:00-19:00; sun 08:00-19:00,tue,face,makeup:none:0-0d;personal_color:none:0-0d,none,0,,4.7,98,True,,https://creatrip.com/en/spot/13636
13643,Roa Makeup,makeup,,CHANGE,Seoul,Hongdae,37.555083,126.929765,서울 마포구 와우산로29길 4-30 102호,"Hongik Univ. (Line 2, 571m)",paid,102.97,,en:listed;ko:listed,60,mon 07:00-21:00; tue 07:00-21:00; wed 07:00-21:00; thu 07:00-21:00; fri 07:00-21:00; sat 07:00-21:00; sun 07:00-21:00,,face,makeup:none:0-0d,none,0,,4.9,80,True,,https://creatrip.com/en/spot/13643
13645,The Bom | Myeongdong Personal Color Analysis,personal_color,,CHANGE,Seoul,Myeongdong,37.560359,126.985876,서울 중구 퇴계로18길 7 107호,"Myeong-dong (Line 4, 272m)",paid,58.29,,en:listed;ja:listed;ko:listed;zh:listed,30,mon 11:00-19:00; tue 11:00-19:00; wed 11:00-19:00; thu 11:00-19:00; fri 11:00-19:00; sat 11:00-19:00; sun 11:00-19:00,,face;skin,soothing:none:0-0d;makeup:none:0-0d;personal_color:none:0-0d,none,0,,4.9,166,True,,https://creatrip.com/en/spot/13645
13646,"PLAN;S Clinic Gangnam l Diet, Lifting, Fat Reduction, Skin Care",dermatology,,FIX,Seoul,Gangnam,37.499198,127.027447,서울 강남구 강남대로 408 2F,"Gangnam (Line 2, 236m)",free_reservation,,,en:listed;ja:listed;ko:listed;zh:listed,,mon 10:30-20:00; tue 10:30-20:00; wed 10:30-20:00; thu 10:30-20:00; fri 10:30-20:00; sat 10:30-16:00; sun closed,sun,face;skin,rf_lifting:none:0-1d;skin_booster:low:1-3d;botox:none:0-1d,low,3,,4.9,2073,True,price_min_usd;duration_min,https://creatrip.com/en/spot/13646
13648,"K-Beauty Reservation Service | Hair, Makeup, Nails, and more!",makeup,hair_salon,CHANGE,Seoul,,37.505626,127.024375,,"Sinnonhyeon (Line 9, 127m)",paid,14.73,,en:mentioned,,mon 00:00-23:59; tue 00:00-23:59; wed 00:00-23:59; thu 00:00-23:59; fri 00:00-23:59; sat 00:00-23:59; sun 00:00-23:59,,face,makeup:none:0-0d,none,0,,4.8,5,True,region;duration_min,https://creatrip.com/en/spot/13648
13654,Modelro Studio | Hongdae Photo Studio with Hair & Makeup Styling,photo_studio,,PHOTO,Seoul,Hongdae,37.556585,126.924931,서울 마포구 양화로18길 15 3F,"Hongik Univ. (Line 2, 115m)",paid,25.77,,en:listed;ja:listed;ko:listed;zh:mentioned,,mon 10:00-20:00; tue 10:00-20:00; wed 10:00-20:00; thu 10:00-20:00; fri 10:00-20:00; sat 10:00-20:00; sun 10:00-20:00,,,photo:none:0-0d,none,0,dermatology;hair_salon;personal_color,4.9,1425,True,duration_min,https://creatrip.com/en/spot/13654
13657,Liim Studio | Eyebrow Microblading in Seoul,permanent_makeup,,CHANGE,Seoul,Gangseo,37.53203,126.862338,서울 강서구 곰달래로 264 3F,"Mok-dong (Line 5, 683m)",paid,25.84,,en:listed;ja:listed;ko:listed,90,mon 11:00-23:00; tue 11:00-23:00; wed 11:00-23:00; thu 11:00-23:00; fri 11:00-23:00; sat 11:00-23:00; sun 11:00-23:00,,face,brow_tattoo:high:5-7d;makeup:none:0-0d;hair_cut_style:none:0-0d,high,7,,4.9,33,True,,https://creatrip.com/en/spot/13657
13681,Personal Color Analysis | My Shopper in Gangnam,personal_color,,CHANGE,Seoul,Apgujeong,37.5231,127.032393,서울 강남구 언주로153길 10-6,"Apgujeong (Line 3, 484m)",paid,147.09,,ar:mentioned;en:mentioned;fr:mentioned;ja:mentioned;ko:mentioned;zh:mentioned,60,mon 10:00-20:00; tue 10:00-20:00; wed 10:00-20:00; thu 10:00-20:00; fri 10:00-20:00; sat 10:00-20:00; sun 10:00-20:00,,face,personal_color:none:0-0d;makeup:none:0-0d,none,0,,5.0,428,True,,https://creatrip.com/en/spot/13681
13767,Moclock Gangnam Main Branch | Celebrity-Favorite Premium Head Spa,massage,hair_salon,RESTORE,Seoul,Gangnam,37.508722,127.023249,서울 강남구 강남대로 520 2F,"Nonhyeon (Line 7, 312m)",deposit,,72.16,en:listed;ko:listed,,mon 10:30-21:00; tue 10:30-21:00; wed 10:30-21:00; thu 10:30-21:00; fri 10:30-21:00; sat 10:00-18:00; sun closed,sun,skin,hair_cut_style:none:0-0d;soothing:none:0-0d;massage:none:0-0d,none,0,,4.9,179,True,price_min_usd;duration_min,https://creatrip.com/en/spot/13767
13772,The Day's Hair | English-friendly Hair Salon in Hongdae,hair_salon,,CHANGE,Seoul,Hongdae,37.553806,126.921573,서울 마포구 홍익로5안길 20 2F,"Hongik Univ. (Line 2, 375m)",deposit,,24.3,en:listed;ko:listed,,mon 10:00-22:00; tue 10:00-22:00; wed 10:00-22:00; thu 10:00-22:00; fri 10:00-22:00; sat 10:00-22:00; sun 10:00-22:00,,,hair_cut_style:none:0-0d,none,0,,4.9,1737,True,price_min_usd;duration_min,https://creatrip.com/en/spot/13772
13789,HAUT BEAUTE,hair_salon,makeup,CHANGE,Seoul,Gangnam,37.519872,127.049049,서울 강남구 삼성로133길 4 2F,"Cheongdam (Line 7, 262m)",deposit,,27.98,en:listed;ja:listed;ko:listed,,mon 10:00-19:30; tue 10:00-19:30; wed 10:00-19:30; thu 10:00-19:30; fri 10:00-19:30; sat 10:00-19:30; sun 10:00-19:30,,face,hair_cut_style:none:0-0d;makeup:none:0-0d;lash_lift:none:0-1d;photo:none:0-0d,none,1,,4.8,87,True,price_min_usd;duration_min,https://creatrip.com/en/spot/13789
13790,"Commenanabien Hannam Branch | Hair, Makeup, and Image Consulting in Itaewon",makeup,hair_salon,CHANGE,Seoul,Itaewon,37.533749,127.002118,서울 용산구 대사관로 35,"Hangangjin (Line 6, 647m)",deposit,,32.36,en:listed;ko:listed;zh:listed,,mon 10:00-19:00; tue 10:00-19:00; wed closed; thu 10:00-19:00; fri 10:00-19:00; sat 10:00-19:00; sun 10:00-18:00,wed,face,hair_cut_style:none:0-0d;makeup:none:0-0d;personal_color:none:0-0d,none,0,,4.9,20,True,price_min_usd;duration_min,https://creatrip.com/en/spot/13790
13806,🎖️ Creatrip Only - Sihyunhada Photo Studio | Seongsu Flagship Store,photo_studio,,PHOTO,Seoul,Seongsudong,37.547727,127.05831,서울시 성동구 성수동2가 277-9,"Seongsu (Line 2, 401m)",paid,40.61,,en:mentioned;ko:listed,60,mon 10:30-18:00; tue 10:30-18:00; wed 10:30-18:00; thu 10:30-18:00; fri 10:30-18:00; sat 10:30-18:00; sun 10:30-18:00,,,photo:none:0-0d,none,0,dermatology;hair_salon;personal_color,4.8,90,True,,https://creatrip.com/en/spot/13806
13807,[Creatrip Exclusive] Sihyunhada Gangnam,photo_studio,,PHOTO,Seoul,Gangnam,37.503584,127.032282,서울 강남구 테헤란로19길 53-6,"Eonju (Line 9, 440m)",paid,40.92,,en:listed;ko:listed,60,mon 10:30-18:00; tue 10:30-18:00; wed 10:30-18:00; thu 10:30-18:00; fri 10:30-18:00; sat 10:30-18:00; sun 10:30-18:00,,,photo:none:0-0d,none,0,dermatology;hair_salon;personal_color,4.8,321,True,,https://creatrip.com/en/spot/13807
13808,SOONSIKI Hair Hongdae Hanok Branch | Global Customer's Most Booked Hair Salon,hair_salon,,CHANGE,Seoul,Hongdae,37.553974,126.921382,서울 마포구 홍익로5길 19 2F,"Hongik Univ. (Line 2, 367m)",deposit,,24.3,en:mentioned;ko:listed,,mon closed; tue closed; wed 10:00-19:00; thu 10:00-19:00; fri 10:00-19:00; sat 10:00-19:00; sun 10:00-19:00,mon;tue,,hair_cut_style:none:0-0d,none,0,,5.0,1262,True,price_min_usd;duration_min,https://creatrip.com/en/spot/13808
13814,Jenny House | Celebrity Hair & Makeup Studio in Cheongdam,makeup,hair_salon,CHANGE,Seoul,Gangnam,37.521338,127.044263,서울 강남구 선릉로146길 56 ,"Gangnam-gu Office (Line 7, 534m)",paid,81.0,,en:listed;ja:mentioned;ko:listed;zh:listed,60,mon 09:00-18:30; tue 09:00-18:30; wed 09:00-18:30; thu 09:00-18:30; fri 09:00-18:30; sat 09:00-18:30; sun 09:00-18:30,,face;skin,hair_cut_style:none:0-0d;peel:none:0-1d;massage:none:0-0d;makeup:none:0-0d;soothing:none:0-0d;nail:none:0-0d,none,1,,4.5,283,True,,https://creatrip.com/en/spot/13814
13856,Three Wishes Myeongdong Branch | Semi-Permanent Makeup Procedures,permanent_makeup,,CHANGE,Seoul,Myeongdong,37.561859,126.986897,서울 중구 명동8가길 33 3F,"Myeong-dong (Line 4, 151m)",paid,40.45,,en:listed;ja:listed;ko:listed;zh:listed,60,mon 10:00-19:00; tue 10:00-19:00; wed 10:00-19:00; thu 10:00-19:00; fri 10:00-19:00; sat 10:00-19:00; sun closed,sun,face,brow_tattoo:high:5-7d;lip_tattoo:high:5-7d;eyeliner_tattoo:low:2-4d;makeup:none:0-0d,high,7,,4.3,27,True,,https://creatrip.com/en/spot/13856
13885,Ocollor Yeouido Branch | Find your colors through personal color analysis,personal_color,makeup,CHANGE,Seoul,Yeouido,37.520775,126.926915,서울 영등포구 국제금융로6길 33 1106호,"Yeouido (Line 5, 246m)",paid,66.96,,en:listed;ja:listed;ko:listed;zh:listed,30,mon 10:00-20:30; tue 10:00-20:30; wed 10:00-20:30; thu 10:00-20:30; fri 10:00-20:30; sat 10:00-20:30; sun 10:00-20:30,,,personal_color:none:0-0d,none,0,,4.8,10,True,,https://creatrip.com/en/spot/13885
13898,YONSEIRO CLINIC | Petite Skin Procedures,dermatology,,FIX,Seoul,Jongro,37.572578,126.980475,서울 종로구 삼봉로 57 7F,"Jonggak (Line 1, 352m)",deposit,,36.45,en:listed;ja:listed;ko:listed;zh:listed,,mon 10:00-20:00; tue 10:00-20:00; wed 10:00-20:00; thu 10:00-20:00; fri 10:00-20:00; sat 10:00-16:00; sun 10:00-16:00,,face;skin,botox:none:0-1d;filler:low:1-3d;soothing:none:0-0d,low,3,,4.8,43,True,price_min_usd;duration_min,https://creatrip.com/en/spot/13898
13908,THE FORET SPA Seoul Forest Branch | Relaxing Spa Experience in Seoul,massage,,RESTORE,Seoul,Seongsudong,37.545791,127.042475,서울 성동구 서울숲2길 32-14 B1 B11호,"Seoul-forest (Suin·Bundang Line, 308m)",paid,103.06,,en:listed;ja:listed;ko:listed;zh:listed,60,mon 10:00-22:00; tue 10:00-22:00; wed 10:00-22:00; thu 10:00-22:00; fri 10:00-22:00; sat 10:00-22:00; sun 10:00-22:00,,face;skin,soothing:none:0-0d;skin_booster:low:1-3d;hifu:none:0-1d;massage:none:0-0d,low,3,,5.0,12,True,,https://creatrip.com/en/spot/13908
13918,🎖️ Creatrip Only - Sihyunhada Photo Studio | Hongdae Space,photo_studio,,PHOTO,Seoul,Hongdae,37.546806,126.914519,서울 마포구 독막로2길 37,"Hapjeong (Line 2, 262m)",paid,40.58,,en:mentioned;ko:listed,60,mon 10:30-18:00; tue 10:30-18:00; wed 10:30-18:00; thu 10:30-18:00; fri 10:30-18:00; sat 10:30-18:00; sun 10:30-18:00,,,photo:none:0-0d;hair_cut_style:none:0-0d,none,0,dermatology;hair_salon;personal_color,4.8,338,True,,https://creatrip.com/en/spot/13918
13921,Gapi Beauty Salon | Hair & Makeup & Beauty Treatments in Myeongdong,makeup,hair_salon,CHANGE,Seoul,Myeongdong,37.560636,126.986516,서울 중구 퇴계로22길 5,"Myeong-dong (Line 4, 162m)",paid,26.04,,en:mentioned;ja:listed;ko:listed,30,mon 10:00-20:00; tue closed; wed 10:00-20:00; thu 10:00-20:00; fri 10:00-20:00; sat 10:00-20:00; sun 10:00-20:00,tue,face;skin,peel:none:0-1d;hair_cut_style:none:0-0d;nail:none:0-0d;makeup:none:0-0d,none,1,,4.8,103,True,,https://creatrip.com/en/spot/13921
13940,ONYAD HAIR | Personalized Hair Consultation & Styling in Seoul,hair_salon,,CHANGE,Seoul,Seongsudong,37.543217,127.044977,서울 성동구 왕십리로 66-10 2F,"Seoul-forest (Suin·Bundang Line, 54m)",deposit,,33.23,en:listed;ko:listed,120,mon 11:00-20:00; tue closed; wed 11:00-20:00; thu 11:00-20:00; fri 11:00-20:00; sat 11:00-20:00; sun 11:00-20:00,tue,,hair_cut_style:none:0-0d,none,0,,4.8,344,True,price_min_usd,https://creatrip.com/en/spot/13940
13947,ONYAD HAIR | Seongsu Branch 2,hair_salon,,CHANGE,Seoul,Seongsudong,37.545749,127.055015,서울 성동구 성수일로8길 39-1 2F,"Seongsu (Line 2, 151m)",deposit,,33.13,en:listed;ko:listed,120,mon 11:00-20:00; tue closed; wed 11:00-20:00; thu 11:00-20:00; fri 11:00-20:00; sat 11:00-20:00; sun 11:00-20:00,tue,,hair_cut_style:none:0-0d,none,0,,4.9,257,True,price_min_usd,https://creatrip.com/en/spot/13947
13950,Wellkin Scalp Clinique Jongno Branch | Professional Hair Loss and Scalp Care,massage,hair_salon,RESTORE,Seoul,Gyeongbokgung,37.568953,126.985905,서울 종로구 종로12길 23 9F,"Jonggak (Line 1, 282m)",paid,65.52,,en:listed;ko:listed,80,mon 11:00-21:00; tue 11:00-21:00; wed 11:00-21:00; thu 11:00-21:00; fri 11:00-21:00; sat 10:00-17:00; sun closed,sun,skin,microneedle:low:2-4d;hair_cut_style:none:0-0d,low,4,,4.9,178,True,,https://creatrip.com/en/spot/13950
13957,GREEN Scalp & Hair Loss care center | 25 years practice of Hair Loss&Scalp,massage,hair_salon,RESTORE,Seoul,Myeongdong,37.560914,126.983818,서울 중구 퇴계로 109 11F 1102호,"Myeong-dong (Line 4, 393m)",paid,72.16,,en:listed;ko:listed,90,mon 11:00-19:00; tue 11:00-19:00; wed 11:00-19:00; thu 11:00-19:00; fri 11:00-19:00; sat 10:00-18:00; sun closed,sun,,hair_cut_style:none:0-0d,none,0,,5.0,45,True,,https://creatrip.com/en/spot/13957
13982,Discover Your Best Colors with Personal Color Analysis | Color Lume,personal_color,,CHANGE,Seoul,City Hall,37.563109,126.973397,서울 중구 서소문로 111 5F 501호,"City Hall (Line 1, 172m)",paid,74.39,,en:listed;ko:listed,40,mon 11:00-19:00; tue 11:00-19:00; wed 11:00-19:00; thu 11:00-19:00; fri 11:00-19:00; sat 11:00-16:00; sun 11:00-16:00,,face,makeup:none:0-0d;personal_color:none:0-0d,none,0,,5.0,20,True,,https://creatrip.com/en/spot/13982
14146,Claire Beauty | Foreigner-friendly Nano brows & Microblading near Hongdae,permanent_makeup,,CHANGE,Seoul,Sinchon,37.558566,126.939187,서울 서대문구 명물길 50-4 3F,,paid,58.84,,en:listed;ko:listed;zh:listed,150,mon 10:30-17:00; tue 10:30-17:00; wed 10:30-17:00; thu 10:30-17:00; fri 10:30-17:00; sat 10:00-19:00; sun closed,sun,face,brow_tattoo:high:5-7d;lip_tattoo:high:5-7d;eyeliner_tattoo:low:2-4d;lash_lift:none:0-1d,high,7,,5.0,11,True,,https://creatrip.com/en/spot/14146
14147,Semi-Permanent Makeup Procedures in Myeongdong | Bling Bling Beauty,permanent_makeup,,CHANGE,Seoul,Myeongdong,37.561154,126.985848,서울 중구 퇴계로 127 4F,,paid,51.67,,en:listed;ja:listed;ko:listed;zh:listed,90,mon 09:00-20:00; tue 09:00-20:00; wed 09:00-20:00; thu 09:00-20:00; fri 09:00-20:00; sat 09:00-20:00; sun 09:00-20:00,,,brow_tattoo:high:5-7d;eyeliner_tattoo:low:2-4d;lip_tattoo:high:5-7d,high,7,,5.0,220,True,,https://creatrip.com/en/spot/14147
14157,NAIL BOX | Hongdae Nail Salon,nail_art,,CHANGE,Seoul,Hongdae,37.5486,126.918545,서울 마포구 양화로6길 77,"Sangsu (Line 6, 398m)",paid,22.09,,en:listed;ko:listed,90,mon 11:00-21:00; tue 11:00-21:00; wed 11:00-21:00; thu 11:00-21:00; fri 11:00-21:00; sat 11:00-21:00; sun closed,sun,,nail:none:0-0d,none,0,,5.0,236,True,,https://creatrip.com/en/spot/14157
14164,Professional Personal Color Analysis in Garosugil | Color Signal,personal_color,,CHANGE,Seoul,Sinsa,37.521198,127.02147,서울 강남구 신사동 523-10 4F,,paid,139.74,,en:listed;ko:listed;zh:listed,60,mon 10:00-21:00; tue 10:00-21:00; wed 10:00-21:00; thu 10:00-21:00; fri 10:00-21:00; sat 10:00-21:00; sun 10:00-21:00,,face,personal_color:none:0-0d;makeup:none:0-0d,none,0,,4.9,107,True,,https://creatrip.com/en/spot/14164
14178,Hongdae Photo Studio | COOL CAPTURES,photo_studio,,PHOTO,Seoul,Mapo,37.557569,126.927295,서울 마포구 신촌로2안길 2 3F,"Hongik Univ. (Line 2, 335m)",paid,22.06,,en:listed;ko:listed,,mon 13:00-19:00; tue closed; wed closed; thu 13:00-19:00; fri 13:00-19:00; sat 13:00-19:00; sun 13:00-19:00,tue;wed,,hair_cut_style:none:0-0d,none,0,dermatology;hair_salon;personal_color,4.9,160,True,duration_min,https://creatrip.com/en/spot/14178
14181,"Commenana Main Branch | Hair, Makeup, and Image Consulting",makeup,hair_salon,CHANGE,Seoul,Apgujeong,37.52524,127.045215,서울 강남구 압구정로72길 19,,deposit,,48.54,en:listed;ko:listed,,mon closed; tue 10:00-18:30; wed 10:00-18:30; thu 10:00-18:30; fri 10:00-18:30; sat 10:00-18:30; sun 10:00-18:30,mon,face,hair_cut_style:none:0-0d;makeup:none:0-0d,none,0,,4.5,51,True,price_min_usd;duration_min,https://creatrip.com/en/spot/14181
14188,✨Creatrip Only✨ Dreamy-concept photoshoot in Jongno | Studio Fiene,photo_studio,,PHOTO,Seoul,Jongro,37.569946,126.985465,서울시 종로구 종로 72-1 5F,"Jonggak (Line 1, 209m)",paid,43.44,,en:listed;ko:listed,90,mon 14:00-20:30; tue 14:00-20:30; wed 14:00-20:30; thu 14:00-20:30; fri 14:00-20:30; sat 11:30-20:30; sun 11:30-20:30,,,photo:none:0-0d,none,0,dermatology;hair_salon;personal_color,5.0,21,True,,https://creatrip.com/en/spot/14188
14201,MeSO nBOM Clinic,dermatology,,FIX,Seoul,Hongdae,37.556431,126.92387,서울 마포구 양화로 162 7F,"Hongik Univ. (Line 2, 41m)",free_reservation,63.91,,en:listed;ja:mentioned;ko:listed;zh:mentioned,12,mon closed; tue closed; wed closed; thu closed; fri 10:00-15:00; sat closed; sun closed,mon;tue;wed;thu;sat;sun,face;skin,rf_lifting:none:0-1d;acne:low:0-2d;skin_booster:low:1-3d;soothing:none:0-0d;hifu:none:0-1d;botox:none:0-1d;peel:none:0-1d;volume_booster:low:1-3d;filler:low:1-3d,low,3,,4.9,1152,True,,https://creatrip.com/en/spot/14201
14215,Korea Fashion Psychology Institute Busan | Personal Color Analysis,personal_color,,CHANGE,Busan,Gwangalli,35.149004,129.111806,부산 수영구 남천바다로10번길 19 2F,,paid,156.23,,en:listed;ja:listed;ko:listed;zh:listed,60,mon closed; tue closed; wed 10:00-19:00; thu 10:00-19:00; fri 10:00-19:00; sat 10:00-19:00; sun 10:00-19:00,mon;tue,,personal_color:none:0-0d,none,0,,5.0,45,True,,https://creatrip.com/en/spot/14215
14232,JUNO HAIR | Gangnam Station Branch 2,hair_salon,,CHANGE,Seoul,Gangnam,37.501733,127.025324,서울 서초구 강남대로 441 3F,"Sinnonhyeon (Line 9, 342m)",deposit,,85.7,en:listed;ko:listed,,mon 10:00-21:00; tue 10:00-21:00; wed 10:00-21:00; thu 10:00-21:00; fri 10:00-21:00; sat 10:00-21:00; sun 10:00-21:00,,,hair_cut_style:none:0-0d,none,0,,4.9,480,True,price_min_usd;duration_min,https://creatrip.com/en/spot/14232
14246,K-Beauty Style Profile Photos in Sinsa | OCTOBEE STUDIO,photo_studio,,PHOTO,Seoul,Sinsa,37.519278,127.021526,서울 강남구 강남대로156길 31-8 B1,"Sinsa (Line 3, 335m)",paid,213.54,,en:listed;ja:listed;ko:listed,60,mon 09:00-23:59; tue 09:00-23:59; wed 09:00-23:59; thu 09:00-23:59; fri 09:00-23:59; sat 09:00-23:59; sun 09:00-23:59,,,photo:none:0-0d,none,0,dermatology;hair_salon;personal_color,5.0,989,True,,https://creatrip.com/en/spot/14246
14247,[Discount Event🎁] SHEJAC Hair & Makeup Sinsa | Premium Scalp&Hair Care Salon,makeup,hair_salon,CHANGE,Seoul,Sinsa,37.518687,127.021194,서울 강남구 압구정로2길 49,"Sinsa (Line 3, 269m)",paid,22.32,,en:listed;ko:listed;mn:mentioned,90,mon 10:00-19:00; tue 10:00-19:00; wed 10:00-19:00; thu 10:00-19:00; fri 10:00-19:00; sat 10:00-19:00; sun 10:00-19:00,,face,hair_cut_style:none:0-0d;makeup:none:0-0d;personal_color:none:0-0d,none,0,,4.9,757,True,,https://creatrip.com/en/spot/14247
14272,Shinsegae Centum City Spaland 4-hour Discount Pass | Busan,sauna,,RESTORE,Busan,Haeundae,35.168638,129.129078,부산 해운대구 센텀남대로 35,,paid,17.83,,en:listed;ko:listed,,mon 09:00-22:00; tue 09:00-22:00; wed 09:00-22:00; thu 09:00-22:00; fri 09:00-22:00; sat 09:00-22:00; sun 09:00-22:00,,,sauna:none:0-0d,none,0,,4.5,3748,True,duration_min,https://creatrip.com/en/spot/14272
14274,Personal Color Analysis in Yongsan | SEASON OF YOU,personal_color,,CHANGE,Seoul,Yongsan,37.530453,126.970802,서울 용산구 한강대로40길 19-8 2F,"Sinyongsan (Line 4, 241m)",paid,55.8,,en:listed;ko:listed,60,mon 11:00-21:00; tue 11:00-21:00; wed 11:00-21:00; thu 11:00-21:00; fri 11:00-21:00; sat 11:00-21:00; sun 11:00-21:00,,face;skin,personal_color:none:0-0d;soothing:none:0-0d;makeup:none:0-0d,none,0,,4.9,23,True,,https://creatrip.com/en/spot/14274
14275,Project U Hongdae – Expert Fillers & Rejuran Skin Clinic,dermatology,,FIX,Seoul,Hongdae,37.556428,126.923874,서울 마포구 양화로 162 6F,"Hongik Univ. (Line 2, 41m)",free_reservation,13.99,,en:listed;ja:listed;ko:listed;zh:listed,15,mon 10:30-20:30; tue 10:30-20:30; wed 10:30-20:30; thu 10:30-20:30; fri 10:30-20:30; sat 10:00-17:00; sun 10:00-17:00,,face;skin,rf_lifting:none:0-1d;botox:none:0-1d;skin_booster:low:1-3d;hifu:none:0-1d;laser_toning:none:0-1d;acne:low:0-2d;soothing:none:0-0d;peel:none:0-1d;fat_dissolve:low:1-3d;filler:low:1-3d;volume_booster:low:1-3d;waxing:low:0-1d,low,3,,5.0,419,True,,https://creatrip.com/en/spot/14275
14276,LEEKAJA HAIR Myeongdong | English-Speaking Hair Salon in Seoul,hair_salon,,CHANGE,Seoul,Myeongdong,37.561583,126.986223,서울 중구 명동8가길 22 3F,"Myeong-dong (Line 4, 190m)",deposit,,64.98,en:listed;ko:listed;zh:listed,,mon 10:00-20:00; tue 10:00-20:30; wed 10:00-20:30; thu 10:00-20:30; fri 10:00-20:30; sat 10:00-20:30; sun 10:00-20:30,,skin,hair_cut_style:none:0-0d;massage:none:0-0d;laser_toning:none:0-1d,none,1,,4.9,830,True,price_min_usd;duration_min,https://creatrip.com/en/spot/14276
14280,Busan Beauty Salon | Eyeholic & Nail,permanent_makeup,nail_art,CHANGE,Busan,Gwangalli,35.157934,129.113834,부산 수영구 광안로7번길 17,,paid,13.24,,en:listed;ja:listed;ko:listed;zh:listed,15,mon 10:00-21:00; tue 10:00-21:00; wed 10:00-21:00; thu 10:00-21:00; fri 10:00-21:00; sat 10:00-21:00; sun 10:00-20:00,,face;skin,massage:none:0-0d;yoga_wellness:none:0-0d;nail:none:0-0d;soothing:none:0-0d;brow_tattoo:high:5-7d;personal_color:none:0-0d;lash_lift:none:0-1d;hair_cut_style:none:0-0d;waxing:low:0-1d,high,7,,4.3,11,True,,https://creatrip.com/en/spot/14280
14282,Nails & Eyelash Perm in Hongdae | Nail Kimlee,nail_art,,CHANGE,Seoul,Hongdae,37.551942,126.920092,서울 마포구 잔다리로 30-32 B2,"Sangsu (Line 6, 533m)",paid,16.2,,en:listed;ko:listed;zh:listed,55,mon 11:00-21:00; tue 11:00-21:00; wed 11:00-21:00; thu 11:00-21:00; fri 11:00-21:00; sat 11:00-21:00; sun 11:00-21:00,,face,hair_cut_style:none:0-0d;lash_lift:none:0-1d,none,1,,5.0,41,True,,https://creatrip.com/en/spot/14282
14285,Eyelash Extension & Perm Online Course | KoResQ,permanent_makeup,,CHANGE,Daegu,,35.84957,128.535726,대구 달서구 달구벌대로 1542 3F,,paid,297.58,,en:listed;th:listed,240,mon 00:00-23:59; tue 00:00-23:59; wed 00:00-23:59; thu 00:00-23:59; fri 00:00-23:59; sat 00:00-23:59; sun closed,sun,face,hair_cut_style:none:0-0d;lash_lift:none:0-1d,none,1,,4.4,5,True,region,https://creatrip.com/en/spot/14285
14310,Eins Photo Studio,photo_studio,,PHOTO,Seoul,Sangsu,37.548558,126.918978,서울 마포구 독막로7길 16 B1,"Sangsu (Line 6, 360m)",paid,129.44,,en:listed;ja:listed;ko:listed;zh:listed,60,mon 11:00-19:00; tue closed; wed 11:00-19:00; thu 11:00-19:00; fri 11:00-19:00; sat 11:00-19:00; sun 11:00-19:00,tue,,photo:none:0-0d,none,0,dermatology;hair_salon;personal_color,5.0,29,True,,https://creatrip.com/en/spot/14310
14381,Concept Profile Photo Studio | Stick Around,photo_studio,,PHOTO,Seoul,Seongsudong,37.539831,127.048831,서울 성동구 성덕정5길 13-1 B1,"Seoul-forest (Suin·Bundang Line, 560m)",paid,37.2,,en:mentioned;ja:listed;ko:listed,40,mon 11:00-19:00; tue 11:00-19:00; wed 11:00-19:00; thu 11:00-19:00; fri 11:00-19:00; sat 11:00-19:00; sun 11:00-19:00,,face,photo:none:0-0d;makeup:none:0-0d;hair_cut_style:none:0-0d,none,0,dermatology;hair_salon;personal_color,5.0,10,True,,https://creatrip.com/en/spot/14381
14385,by.B makeup | Hongdae Makeup Shop,makeup,,CHANGE,Seoul,Hongdae,37.556019,126.923381,서울 마포구 양화로 156 B1,"Hongik Univ. (Line 2, 84m)",paid,69.95,,en:listed;ja:listed;ko:listed,,mon 06:00-17:00; tue 06:00-17:00; wed 06:00-17:00; thu 06:00-17:00; fri 06:00-17:00; sat 06:00-17:00; sun 06:00-17:00,,face,hair_cut_style:none:0-0d;makeup:none:0-0d,none,0,,5.0,397,True,duration_min,https://creatrip.com/en/spot/14385
14408,Photo Studio | Auhang,photo_studio,,PHOTO,Seoul,Hongdae,37.556075,126.930878,서울 마포구 와우산로 169-1,"Sinchon (Line 2, 540m)",paid,36.77,,en:listed;ja:listed;ko:listed;zh:listed,30,mon 13:00-20:00; tue 13:00-20:00; wed 13:00-20:00; thu 13:00-20:00; fri 13:00-20:00; sat 13:00-20:00; sun 13:00-20:00,,,photo:none:0-0d,none,0,dermatology;hair_salon;personal_color,4.6,27,True,,https://creatrip.com/en/spot/14408
14409,[Discount Event] Shine Soo Makeup | 1:1 Personal Custom Makeup,makeup,,CHANGE,Seoul,Gangnam,37.503726,127.026469,서울 강남구 봉은사로4길 17 2F,"Sinnonhyeon (Line 9, 154m)",paid,66.19,,en:listed;ja:mentioned;ko:listed,120,mon closed; tue 11:00-19:00; wed 11:00-19:00; thu 11:00-19:00; fri 11:00-19:00; sat 11:00-19:00; sun 11:00-19:00,mon,face,makeup:none:0-0d;photo:none:0-0d;hair_cut_style:none:0-0d,none,0,,4.9,47,True,,https://creatrip.com/en/spot/14409
14413,Olly Shop | Cheongdam Hair & Makeup Salon,makeup,hair_salon,CHANGE,Seoul,Gangnam,37.524499,127.041463,서울 강남구 선릉로152길 21 5F,"Apgujeong rodeo (Suin·Bundang Line, 331m)",paid,32.36,,en:mentioned;ko:listed,60,mon closed; tue 08:00-18:00; wed 08:00-18:00; thu 08:00-18:00; fri 08:00-18:00; sat 08:00-18:00; sun 08:00-17:00,mon,face,hair_cut_style:none:0-0d;makeup:none:0-0d,none,0,,4.3,106,True,,https://creatrip.com/en/spot/14413
14425,Concept Photo Studio | Shihwa Studio,photo_studio,,PHOTO,Seoul,Hongdae,37.562747,126.926847,서울 마포구 성미산로 195 3F,,paid,51.33,,en:listed;ja:listed;ko:listed,90,mon 09:30-20:00; tue 09:30-20:00; wed 09:30-20:00; thu 09:30-20:00; fri 09:30-20:00; sat 09:30-20:00; sun 09:30-20:00,,,photo:none:0-0d,none,0,dermatology;hair_salon;personal_color,4.8,9,True,,https://creatrip.com/en/spot/14425
14426,"#CCONTE Seogyo Branch | English-Speaking Hair Color Specialist | Bleach, Dye & Balayage",hair_salon,,CHANGE,Seoul,Hongdae,37.553787,126.921066,서울 마포구 홍익로5길 25,"Hongik Univ. (Line 2, 400m)",deposit,,25.84,en:listed;ko:listed,,mon 11:00-20:00; tue 11:00-20:00; wed 11:00-20:00; thu 11:00-20:00; fri 11:00-20:00; sat 11:00-20:00; sun 11:00-20:00,,,hair_cut_style:none:0-0d,none,0,,4.9,2329,True,price_min_usd;duration_min,https://creatrip.com/en/spot/14426
14450,Rave Photo Studio,photo_studio,,PHOTO,Seoul,Seongsudong,37.549149,127.054373,서울 성동구 광나루로4가길 12-7 B1,"Seongsu (Line 2, 522m)",paid,14.88,,en:listed;ko:listed,40,mon 09:00-21:00; tue 09:00-21:00; wed 09:00-21:00; thu 09:00-21:00; fri 09:00-21:00; sat 09:00-21:00; sun 09:00-21:00,,,photo:none:0-0d,none,0,dermatology;hair_salon;personal_color,5.0,5,True,,https://creatrip.com/en/spot/14450
14466,Photo Studio | STYLEGRAPHER,photo_studio,,PHOTO,Seoul,Gangnam,37.515242,127.041185,서울 강남구 선릉로127길 5-6 B1,"Gangnam-gu Office (Suin·Bundang Line, 215m)",paid,1636.68,,en:listed;ko:listed,180,mon 09:00-18:00; tue 09:00-18:00; wed 09:00-18:00; thu 09:00-18:00; fri 09:00-18:00; sat 09:00-18:00; sun 09:00-18:00,,,photo:none:0-0d,none,0,dermatology;hair_salon;personal_color,4.7,7,True,,https://creatrip.com/en/spot/14466
14475,COCORY Color Hongdae Branch | Personal Color Analysis,personal_color,makeup,CHANGE,Seoul,Hongdae,37.553502,126.923282,서울 마포구 홍익로 11 3F,"Hongik Univ. (Line 2, 2200m)",paid,124.05,,en:listed;ja:listed;ko:listed;zh:listed,60,mon 09:00-18:00; tue 09:00-18:00; wed 09:00-18:00; thu 09:00-18:00; fri 09:00-18:00; sat 09:00-18:00; sun 09:00-18:00,,,personal_color:none:0-0d,none,0,,5.0,34,True,,https://creatrip.com/en/spot/14475
14481,Korean Jjimjilbang (Sauna) | Sparex Dongmyo Branch,sauna,,RESTORE,Seoul,Dongdaemun,37.571775,127.015268,서울 종로구 지봉로 19 13F,"Dongmyo (Line 6, Nonem)",paid,7.36,,en:listed;ko:listed,,mon 00:00-24:00; tue 00:00-24:00; wed 00:00-24:00; thu 00:00-24:00; fri 00:00-24:00; sat 00:00-24:00; sun 00:00-24:00,,,sauna:none:0-0d;body_scrub:none:0-0d,none,0,,4.3,762,True,duration_min,https://creatrip.com/en/spot/14481
14497,Personal Color Analysis + One-Day Makeup Class | Image Ho,personal_color,makeup,CHANGE,Seoul,Hongdae,37.555965,126.927297,서울 마포구 와우산로29길 54 4F,"Hongik Univ. (Airport Railroad Express, 495m)",paid,185.99,,en:listed;ja:listed;ko:listed;zh:listed,100,mon 10:00-20:00; tue 10:00-20:00; wed 10:00-20:00; thu 10:00-20:00; fri 10:00-20:00; sat 10:00-20:00; sun 10:00-20:00,,face,makeup:none:0-0d;personal_color:none:0-0d,none,0,,5.0,2,True,,https://creatrip.com/en/spot/14497
14511,[Special Offer 🎉] Marksbrow Myeongdong | Semi-Permanent Makeup in Seoul,permanent_makeup,,CHANGE,Seoul,Myeongdong,37.559257,126.985966,서울특별시 중구 남산동2가 15-11 4F,"Euljiro 1(il)-ga (Line 2, 206m)",paid,66.41,,en:listed;ja:listed;ko:listed,30,mon 09:30-21:00; tue 09:30-21:00; wed 09:30-21:00; thu 09:30-21:00; fri 09:30-21:00; sat 09:30-21:00; sun 09:30-21:00,,,brow_tattoo:high:5-7d;eyeliner_tattoo:low:2-4d;lip_tattoo:high:5-7d,high,7,,5.0,258,True,,https://creatrip.com/en/spot/14511
14515,PNSTUDIO Gangnam Premium,photo_studio,,PHOTO,Seoul,Gangnam,37.496185,127.034534,서울 강남구 논현로79길 55,"Gangnam (Line 2, 2100m)",paid,7.35,,en:listed;ja:listed;zh:listed,60,mon 12:00-20:00; tue 12:00-20:00; wed 12:00-20:00; thu 12:00-20:00; fri 12:00-20:00; sat 12:00-20:00; sun 12:00-20:00,,face,photo:none:0-0d;makeup:none:0-0d,none,0,dermatology;hair_salon;personal_color,5.0,51,True,,https://creatrip.com/en/spot/14515
14518,[Perm Discount Event💇‍♀️] idHair Gangnam Branch | Gangnam K-PERM Hair Salon,hair_salon,,CHANGE,Seoul,Gangnam,37.491292,127.030185,서울 서초구 강남대로51길 1 2F,"Gangnam (Line 2, 777m)",deposit,,22.32,en:listed;ko:listed,,mon 10:00-21:30; tue 10:00-21:30; wed 10:00-21:30; thu 10:00-21:30; fri 10:00-21:30; sat 10:00-19:30; sun 10:00-19:30,,,hair_cut_style:none:0-0d,none,0,,4.9,133,True,price_min_usd;duration_min,https://creatrip.com/en/spot/14518
14538,Beauty Palace Gyeongbokgung | Hanbok + K-Makeup & Hair,makeup,,CHANGE,Seoul,Gyeongbokgung,37.581296,126.981266,서울 종로구 북촌로5가길 43 2F,,paid,39.72,,en:listed;ja:mentioned;ko:listed,40,mon 08:00-21:00; tue closed; wed 08:00-21:00; thu 08:00-21:00; fri 08:00-21:00; sat 08:00-21:00; sun 08:00-21:00,tue,face,makeup:none:0-0d;hair_cut_style:none:0-0d;personal_color:none:0-0d,none,0,,4.7,159,True,,https://creatrip.com/en/spot/14538
14557,Studio Cosmos | Photo Studio with Makeup & Hair Styling Services,photo_studio,,PHOTO,Seoul,Gangnam,37.491104,127.011752,서울 서초구 반포대로28길 56-9 B1,"Seoul Nat`l Univ. of Education (Line 2, 283m)",paid,181.95,,en:listed,60,mon 10:00-20:00; tue 10:00-20:00; wed 10:00-20:00; thu 10:00-20:00; fri 10:00-20:00; sat 10:00-20:00; sun 10:00-20:00,,face,makeup:none:0-0d;photo:none:0-0d,none,0,dermatology;hair_salon;personal_color,5.0,37,True,,https://creatrip.com/en/spot/14557
14558,Photo Studio | KKUMSOK,photo_studio,,PHOTO,Seoul,Edae,37.558251,126.945158,서울 서대문구 이화여대5길 9 B1,"Ewha Womans Univ. (Line 2, 181m)",paid,111.59,,en:listed;ja:listed,60,mon 12:00-20:00; tue 12:00-20:00; wed 12:00-20:00; thu 12:00-20:00; fri 12:00-20:00; sat 12:00-20:00; sun 12:00-20:00,,,photo:none:0-0d,none,0,dermatology;hair_salon;personal_color,4.5,6,True,,https://creatrip.com/en/spot/14558
14561,Cheongdam Lovey | Hair & Makeup Salon,makeup,hair_salon,CHANGE,Seoul,Gangnam,37.522039,127.041845,"서울 강남구 선릉로146길 25 2,3F","Gangnam-gu Office (Line 7, 628m)",deposit,,40.45,en:listed;ja:listed;ko:listed,,mon 08:00-18:00; tue 08:00-18:00; wed 08:00-18:00; thu 08:00-18:00; fri 08:00-18:00; sat 08:00-18:00; sun 08:00-18:00,,face,makeup:none:0-0d;personal_color:none:0-0d;hair_cut_style:none:0-0d,none,0,,4.8,177,True,price_min_usd;duration_min,https://creatrip.com/en/spot/14561
14589,[💋Lip tattoo discount event] Semi-Permanent Makeup Procedures | The Leeum Cheongdam,permanent_makeup,,CHANGE,Seoul,Apgujeong,37.518118,127.021062,서울 강남구 강남대로154길 25 2F,"Sinsa (Line 3, 200m)",deposit,,183.87,en:listed;ja:listed;ko:listed;zh:listed,,"mon 10:00-12:00,13:00-20:00; tue 10:00-12:00,13:00-20:00; wed 10:00-12:00,13:00-20:00; thu 10:00-12:00,13:00-20:00; fri 10:00-12:00,13:00-20:00; sat 10:00-12:00,13:00-20:00; sun 10:00-12:00,13:00-20:00",,,lip_tattoo:high:5-7d;brow_tattoo:high:5-7d,high,7,,4.7,107,True,price_min_usd;duration_min,https://creatrip.com/en/spot/14589
14592,"Abijou Clinic Global Myeongdong: 20 Years of Trust, Foreigner-Friendly",dermatology,,FIX,Seoul,Myeongdong,37.564185,126.983005,서울 중구 남대문로 78 B1,"Euljiro 1(il)-ga (Line 2, 159m)",deposit,,7.37,de:mentioned;en:listed;es:mentioned;fr:mentioned;ja:listed;ko:listed;mn:mentioned;th:listed;vi:listed;zh:listed,,mon 09:30-20:30; tue 09:30-20:30; wed 09:30-20:30; thu 09:30-20:30; fri 09:30-20:30; sat 09:30-18:00; sun 09:30-16:30,,face;skin,botox:none:0-1d;filler:low:1-3d;hifu:none:0-1d;rf_lifting:none:0-1d;thread_lift:high:3-7d;volume_booster:low:1-3d;fat_dissolve:low:1-3d;skin_booster:low:1-3d;laser_toning:none:0-1d;ablative_laser:high:5-7d;acne:low:0-2d;peel:none:0-1d;soothing:none:0-0d;waxing:low:0-1d;massage:none:0-0d,high,7,,4.9,4463,True,price_min_usd;duration_min,https://creatrip.com/en/spot/14592
14593,"Abijou Clinic Global Gangnam - 20 Years of Trust, Foreigner-Friendly",dermatology,,FIX,Seoul,Gangnam,37.498468,127.02511,서울 서초구 서초대로73길 11,"Gangnam (Line 2, 136m)",deposit,,7.38,de:mentioned;en:listed;ja:listed;ko:listed;mn:mentioned;th:listed;vi:listed;zh:listed,,"mon 10:00-14:00,15:00-20:00; tue 10:00-14:00,15:00-20:00; wed 10:00-14:00,15:00-20:00; thu 10:00-14:00,15:00-20:00; fri 10:00-14:00,15:00-20:00; sat 10:00-16:30; sun closed",sun,face;skin,botox:none:0-1d;filler:low:1-3d;hifu:none:0-1d;rf_lifting:none:0-1d;thread_lift:high:3-7d;volume_booster:low:1-3d;fat_dissolve:low:1-3d;skin_booster:low:1-3d;laser_toning:none:0-1d;ablative_laser:high:5-7d;acne:low:0-2d;peel:none:0-1d;soothing:none:0-0d;massage:none:0-0d,high,7,,4.9,1669,True,price_min_usd;duration_min,https://creatrip.com/en/spot/14593
14604,Photo Cyan Gangnam Branch | Specialty in ID and Profile Photos,photo_studio,,PHOTO,Seoul,Gangnam,37.51869,127.039641,서울 강남구 선릉로135길 12 3층,"Gangnam-gu Office (Line 7, 179m)",paid,22.32,,en:listed;zh:mentioned,30,"mon 11:00-15:30,16:00-20:00; tue 11:00-15:30,16:00-20:00; wed 11:00-15:30,16:00-20:00; thu 11:00-15:30,16:00-20:00; fri 11:00-15:30,16:00-20:00; sat 11:00-15:30,16:00-20:00; sun 11:00-15:30,16:00-20:00",,,photo:none:0-0d,none,0,dermatology;hair_salon;personal_color,4.9,22,True,,https://creatrip.com/en/spot/14604
14621,here:re Nail,nail_art,,CHANGE,Seoul,Mapo,37.555197,126.907876,서울 마포구 월드컵로17길 47 3F,"Mangwon (Line 6, 219m)",paid,25.74,,en:listed;ko:listed,60,"mon 11:00-13:00,14:00-21:00; tue 11:00-13:00,14:00-21:00; wed 11:00-13:00,14:00-21:00; thu 11:00-13:00,14:00-21:00; fri 11:00-13:00,14:00-21:00; sat 11:00-13:00,14:00-20:00; sun closed",sun,,nail:none:0-0d,none,0,,4.6,7,True,,https://creatrip.com/en/spot/14621
14622,Forena Clinic Hongdae (Petite) | A Premium Dermatology with a High Revisit Rate,dermatology,,FIX,Seoul,Hongdae,37.555102,126.922124,서울 마포구 양화로 140 7F,"Hongik Univ. (Line 2, 227m)",free_reservation,423.63,,en:listed;ja:listed;ko:listed;ru:mentioned;th:listed;zh:listed,,mon 10:00-20:30; tue 10:00-20:30; wed 10:00-20:30; thu 10:00-20:30; fri 10:00-20:30; sat 10:00-17:00; sun 10:00-17:00,,face;skin,laser_toning:none:0-1d;pico_fractional:low:2-4d;rf_lifting:none:0-1d;skin_booster:low:1-3d;hifu:none:0-1d,low,4,,4.9,2554,True,duration_min,https://creatrip.com/en/spot/14622
14639,modenri | Semi-Permanent Makeup Procedures,permanent_makeup,,CHANGE,Seoul,Hongdae,37.560608,126.923479,서울 마포구 연남로 8 4F,"Hongik Univ. (Line 2, 429m)",paid,40.45,,en:listed;ja:listed;ko:listed;th:listed;zh:listed,90,mon 10:00-20:00; tue 10:00-20:00; wed 10:00-20:00; thu 10:00-20:00; fri 10:00-20:00; sat 10:00-17:00; sun closed,sun,,brow_tattoo:high:5-7d;eyeliner_tattoo:low:2-4d;lip_tattoo:high:5-7d;scalp_tattoo:low:2-4d,high,7,,4.9,108,True,,https://creatrip.com/en/spot/14639
14661,Hair The Beau | Myeongdong Branch,hair_salon,,CHANGE,Seoul,Myeongdong,37.562178,126.985543,서울 중구 명동10길 38 3F,"Myeong-dong (Line 4, 271m)",deposit,,111.59,en:listed;ja:listed;ko:listed;zh:listed,90,mon 10:30-20:30; tue 10:30-20:30; wed 10:30-20:30; thu 10:30-20:30; fri 10:30-20:30; sat 10:30-20:30; sun 10:30-20:30,,skin,hair_cut_style:none:0-0d;peel:none:0-1d;soothing:none:0-0d;massage:none:0-0d,none,1,,4.9,5116,True,price_min_usd,https://creatrip.com/en/spot/14661
14674,SCATTER LOUNGE | Premium Head Spa & Skin Care in Gangnam,massage,hair_salon,RESTORE,Seoul,Gangnam,37.507865,127.037188,서울 강남구 봉은사로38길 4 3F,"Eonju (Line 9, 296m)",paid,88.26,,en:listed;ko:listed;zh:listed,60,"mon 10:00-13:00,14:00-20:00; tue 10:00-13:00,14:00-20:00; wed 10:00-13:00,14:00-20:00; thu 10:00-13:00,14:00-20:00; fri 10:00-13:00,14:00-20:00; sat 10:00-13:00,14:00-19:00; sun closed",sun,skin,hair_cut_style:none:0-0d;skin_booster:low:1-3d,low,3,,5.0,105,True,,https://creatrip.com/en/spot/14674
14675,Dakyo Nail Apgujeong Branch,nail_art,,CHANGE,Seoul,Apgujeong,37.527033,127.039139,서울 강남구 선릉로161길 15-3 5F,"Apgujeong rodeo (Suin·Bundang Line, 131m)",paid,16.18,,en:listed;ko:listed,60,"mon 11:00-13:00,14:00-21:00; tue 11:00-13:00,14:00-21:00; wed 11:00-13:00,14:00-21:00; thu 11:00-13:00,14:00-21:00; fri 11:00-13:00,14:00-21:00; sat 11:00-13:00,14:00-21:00; sun 11:00-13:00,14:00-21:00",,,nail:none:0-0d,none,0,,4.9,12,True,,https://creatrip.com/en/spot/14675
14679,Pastelmood (Pastel Mood),makeup,,CHANGE,Seoul,Hongdae,37.557158,126.921972,서울 마포구 동교로 187 3F,"Hongik Univ. (Line 2, 154m)",paid,89.27,,en:listed;ja:mentioned;ko:listed,90,mon 08:00-17:30; tue 08:00-17:30; wed 08:00-17:30; thu 08:00-17:30; fri 08:00-17:30; sat 08:00-17:30; sun 08:00-17:30,,face,hair_cut_style:none:0-0d;makeup:none:0-0d,none,0,,4.9,111,True,,https://creatrip.com/en/spot/14679
14683,Krasny nail,nail_art,,CHANGE,Seoul,Gangnam,37.503305,127.048468,서울 강남구 선릉로89길 11 ,"Seolleung (Line 2, 109m)",paid,25.77,,en:listed;ja:listed;ko:listed;zh:listed,70,mon 11:00-21:00; tue 11:00-21:00; wed 11:00-21:00; thu 11:00-21:00; fri 11:00-21:00; sat 11:00-18:00; sun closed,sun,,nail:none:0-0d,none,0,,4.5,15,True,,https://creatrip.com/en/spot/14683
14686,Women-only Private Bath & Body Scrub | DANPOONG Hanok Branch,body_scrub,,RESTORE,Seoul,Seongbuk,37.594887,127.018171,서울 성북구 동소문로25길 13 1F,"Sungshin Women`s Univ. (Line 4, 245m)",paid,36.92,,en:listed;ja:listed;ko:listed,,mon 06:30-22:00; tue 06:30-22:00; wed 06:30-22:00; thu 06:30-22:00; fri 06:30-22:00; sat 06:30-22:00; sun 06:30-22:00,,,body_scrub:none:0-0d,none,0,,5.0,20,True,duration_min,https://creatrip.com/en/spot/14686
14687,Women-only Private Bath & Body Scrub | DANPOONG Main Branch,body_scrub,,RESTORE,Seoul,Seongbuk,37.587157,127.023599,서울 성북구 고려대로13길 10-3,"Bomun (Line 6, 426m)",paid,36.92,,en:listed;ja:listed;ko:listed;zh:listed,,mon 06:30-22:00; tue 06:30-22:00; wed 06:30-22:00; thu 06:30-22:00; fri 06:30-22:00; sat 06:30-22:00; sun 06:30-22:00,,,body_scrub:none:0-0d,none,0,,4.9,29,True,duration_min,https://creatrip.com/en/spot/14687
14695,PN Photo Studio | Busan Seomyeon Branch,photo_studio,,PHOTO,Busan,Seomyeon,35.157313,129.064735,부산 부산진구 서전로46번길 8 2F,,paid,29.42,,en:listed;ja:mentioned;ko:listed;zh:listed,60,mon 11:00-20:00; tue closed; wed 11:00-20:00; thu 11:00-20:00; fri 11:00-20:00; sat 11:00-20:00; sun 11:00-20:00,tue,,photo:none:0-0d,none,0,dermatology;hair_salon;personal_color,4.8,11,True,,https://creatrip.com/en/spot/14695
14696,Studio Moki | Apgujeong Rodeo Branch,photo_studio,,PHOTO,Seoul,Apgujeong,37.524293,127.038361,서울 강남구 도산대로53길 17 B1,"Apgujeong rodeo (Suin·Bundang Line, 395m)",paid,29.42,,en:listed;ja:mentioned;ko:listed;zh:mentioned,60,mon 11:00-20:00; tue 11:00-20:00; wed 11:00-20:00; thu 11:00-20:00; fri 11:00-20:00; sat 11:00-20:00; sun 11:00-20:00,,face,photo:none:0-0d;makeup:none:0-0d,none,0,dermatology;hair_salon;personal_color,5.0,26,True,,https://creatrip.com/en/spot/14696
14710,Nail Grimi,nail_art,,CHANGE,Seoul,Insadong,37.568946,126.984031,서울 종로구 청계천로 57 3F,"Jonggak (Line 1, 161m)",paid,29.42,,en:mentioned;ko:listed,75,mon 11:00-21:00; tue 11:00-21:00; wed 11:00-21:00; thu 11:00-21:00; fri 11:00-21:00; sat 11:00-20:00; sun closed,sun,,nail:none:0-0d,none,0,,4.8,9,True,,https://creatrip.com/en/spot/14710
14715,Colorga sanda | Body Type Analysis,personal_color,,CHANGE,Seoul,Hongdae,37.558493,126.924163,서울 마포구 양화로19길 22-8 B1F,"Hongik Univ. (Line 2, 199m)",paid,95.61,,en:listed;ja:listed;ko:listed;zh:listed,,mon 11:00-21:30; tue 11:00-21:30; wed 11:00-21:30; thu 11:00-21:30; fri 11:00-21:30; sat 11:00-21:30; sun 11:00-21:30,,,personal_color:none:0-0d,none,0,,5.0,414,True,duration_min,https://creatrip.com/en/spot/14715
14720,ECO JARDIN | Myeongdong Branch,hair_salon,,CHANGE,Seoul,Junggu,37.563378,126.9841,서울 중구 명동8길 8-10 3F,"Euljiro 1(il)-ga (Line 2, 321m)",deposit,,23.24,en:listed;ja:mentioned;ko:listed;zh:mentioned,,mon 10:00-22:00; tue 10:00-22:00; wed 10:00-22:00; thu 10:00-22:00; fri 10:00-22:00; sat 10:00-20:00; sun 10:00-20:00,,,hair_cut_style:none:0-0d,none,0,,4.8,2201,True,price_min_usd;duration_min,https://creatrip.com/en/spot/14720
14725,"Abijou Clinic Global Hongdae - 20 Years of Trust, Foreigner-Friendly",dermatology,,FIX,Seoul,Hongdae,37.555996,126.922117,서울 마포구 양화로 147 3F,"Hongik Univ. (Line 2, 158m)",deposit,,7.36,de:mentioned;en:listed;ja:listed;ko:listed;mn:mentioned;th:mentioned;vi:mentioned;zh:listed,,"mon 10:30-14:00,15:00-20:30; tue 10:30-14:00,15:00-20:30; wed 10:30-14:00,15:00-20:30; thu 10:30-14:00,15:00-20:30; fri 10:30-14:00,15:00-20:30; sat 10:00-16:30; sun closed",sun,face;skin,botox:none:0-1d;filler:low:1-3d;hifu:none:0-1d;rf_lifting:none:0-1d;thread_lift:high:3-7d;volume_booster:low:1-3d;fat_dissolve:low:1-3d;skin_booster:low:1-3d;laser_toning:none:0-1d;ablative_laser:high:5-7d;acne:low:0-2d;peel:none:0-1d;soothing:none:0-0d;hair_cut_style:none:0-0d;massage:none:0-0d,high,7,,4.8,507,True,price_min_usd;duration_min,https://creatrip.com/en/spot/14725
14729,Meet Cute,makeup,hair_salon,CHANGE,Seoul,Gangnam,37.525544,127.050252,"서울 강남구 압구정로79길 37-1 1,2F","Cheongdam (Line 7, 731m)",deposit,,57.28,en:mentioned;ko:listed,,mon 10:00-19:00; tue 10:00-19:00; wed 10:00-19:00; thu 10:00-19:00; fri 10:00-19:00; sat 10:00-19:00; sun 10:00-19:00,,face,makeup:none:0-0d;hair_cut_style:none:0-0d,none,0,,4.6,5,True,price_min_usd;duration_min,https://creatrip.com/en/spot/14729
14739,Jenny Pilates,yoga_wellness,,RESTORE,Seoul,Mapo,37.548336,126.918392,서울 마포구 양화로6길 78 2F(합정동),"Sangsu (Line 6, 405m)",paid,35.42,,en:listed;ko:listed,,mon 09:00-22:00; tue 09:00-22:00; wed 09:00-22:00; thu 09:00-22:00; fri 09:00-22:00; sat 09:00-22:00; sun closed,sun,,yoga_wellness:none:0-0d,none,0,,4.9,45,True,duration_min,https://creatrip.com/en/spot/14739
14744,Seian Yeonnam | Women-only Private Bath & Body Scrub,body_scrub,,RESTORE,Seoul,Hongdae,37.563179,126.922242,서울 마포구 동교로29길 64 2F,"Hongik Univ. (Line 2, 726m)",paid,36.9,,en:listed;ja:listed;ko:listed,,mon 07:00-22:00; tue 07:00-22:00; wed 07:00-22:00; thu 07:00-22:00; fri 07:00-22:00; sat 07:00-22:00; sun 07:00-22:00,,,body_scrub:none:0-0d,none,0,,4.9,347,True,duration_min,https://creatrip.com/en/spot/14744
14746,DENIZ PILATES,yoga_wellness,,RESTORE,Seoul,Gangnam,37.50605,127.025339,서울 강남구 강남대로114길 13 3F,"Sinnonhyeon (Line 9, 138m)",paid,51.69,,en:listed;ko:listed,50,mon 08:00-23:00; tue 08:00-23:00; wed 08:00-23:00; thu 08:00-23:00; fri 08:00-23:00; sat 08:00-15:00; sun closed,sun,,yoga_wellness:none:0-0d,none,0,,5.0,12,True,,https://creatrip.com/en/spot/14746
14751,BAISOO Samseong Branch | K-Celeb Favorite Semi-Permanent Makeup Salon,permanent_makeup,,CHANGE,Seoul,Gangnam,37.51226,127.051516,서울 강남구 봉은사로 474 205호,"Gangnam-gu Office (Suin·Bundang Line, 217m)",paid,29.42,,en:listed;ko:listed,60,mon 11:00-20:00; tue 11:00-20:00; wed 11:00-20:00; thu 11:00-20:00; fri 11:00-20:00; sat 11:00-20:00; sun closed,sun,face,hair_cut_style:none:0-0d;lash_lift:none:0-1d;brow_tattoo:high:5-7d;eyeliner_tattoo:low:2-4d;lip_tattoo:high:5-7d;scalp_tattoo:low:2-4d,high,7,,4.7,120,True,,https://creatrip.com/en/spot/14751
14752,✨Special Offer✨  Lee Kyung Min Foret Hongdae Branch | Makeup,makeup,hair_salon,CHANGE,Seoul,Hongdae,37.55191,126.911642,서울 마포구 월드컵로5길 10,"Hapjeong (Line 2, 361m)",paid,8.18,,en:mentioned;ja:mentioned;ko:listed;zh:mentioned,10,mon 08:00-19:00; tue 08:00-19:00; wed 08:00-19:00; thu 08:00-19:00; fri 08:00-19:00; sat 08:00-19:00; sun 08:00-19:00,,face,hair_cut_style:none:0-0d;makeup:none:0-0d,none,0,,4.8,79,True,,https://creatrip.com/en/spot/14752
14797,Spa Bidan | Women-only Private Bath & Body Scrub,body_scrub,,RESTORE,Seoul,Gangseo,37.549583,126.848297,서울 강서구 화곡로44가길 39 B1F,"Hwagok (Line 5, 1100m)",paid,36.82,,en:listed;ja:listed;ko:listed,,mon 07:00-23:59; tue 07:00-23:59; wed 07:00-23:59; thu 07:00-23:59; fri 07:00-23:59; sat 07:00-23:59; sun 07:00-23:59,,,body_scrub:none:0-0d,none,0,,5.0,473,True,duration_min,https://creatrip.com/en/spot/14797
14798,Sooryeon | Women-only Private Bath & Body Scrub,body_scrub,,RESTORE,Seoul,Sindangdong,37.562854,127.01618,서울 중구 다산로36길 11 2F,"Sindang (Line 2, 369m)",paid,36.77,,en:listed;ja:mentioned;ko:listed,,mon 06:00-21:00; tue 06:00-21:00; wed 06:00-21:00; thu 06:00-21:00; fri 06:00-21:00; sat 06:00-21:00; sun 06:00-21:00,,,body_scrub:none:0-0d,none,0,,4.7,11,True,duration_min,https://creatrip.com/en/spot/14798
14805,Spa Heum | Women-only Private Bath & Body Scrub,body_scrub,,RESTORE,Seoul,Gangnam,37.495295,127.045736,서울 강남구 언주로 311 로즈1타워 B1,"Hanti (Suin·Bundang Line, 639m)",paid,36.9,,en:listed;ja:listed;ko:listed,,mon 08:00-23:59; tue 08:00-23:59; wed 08:00-23:59; thu 08:00-23:59; fri 08:00-23:59; sat 08:00-23:59; sun 08:00-23:59,,,body_scrub:none:0-0d,none,0,,4.7,54,True,duration_min,https://creatrip.com/en/spot/14805
14812,Shinggomgom Nail,nail_art,,CHANGE,Seoul,Apgujeong,37.522413,127.042345,서울 강남구 선릉로146길 27-10 4F,"Apgujeong rodeo (Suin·Bundang Line, 338m)",paid,8.09,,en:mentioned;ko:listed,90,mon 11:00-21:00; tue 11:00-21:00; wed 11:00-21:00; thu 11:00-21:00; fri 11:00-21:00; sat 11:00-21:00; sun closed,sun,,nail:none:0-0d,none,0,,4.7,15,True,,https://creatrip.com/en/spot/14812
14814,SEIAN Donggyo | Women-only Private Bath & Body Scrub,body_scrub,,RESTORE,Seoul,Hongdae,37.557939,126.922657,서울 마포구 동교로 197 2F,"Hongik Univ. (Line 2, 158m)",paid,36.84,,en:listed;ja:listed;ko:listed,,mon 07:00-23:30; tue 07:00-23:30; wed 07:00-23:30; thu 07:00-23:30; fri 07:00-23:30; sat 07:00-23:30; sun 07:00-23:30,,,body_scrub:none:0-0d,none,0,,4.9,304,True,duration_min,https://creatrip.com/en/spot/14814
14817,EAGLE PILATES,yoga_wellness,,RESTORE,Seoul,Myeongdong,37.561781,126.988215,서울 중구 명동8가길 58,"Myeong-dong (Line 4, 81m)",paid,88.61,,en:listed;ko:listed,60,mon 07:00-22:00; tue 07:00-22:00; wed 07:00-22:00; thu 07:00-22:00; fri 07:00-22:00; sat 09:00-17:00; sun closed,sun,,photo:none:0-0d;yoga_wellness:none:0-0d,none,0,,4.8,9,True,,https://creatrip.com/en/spot/14817
14819,Beauty Blossom Clinic | Affordable Clinic for a More Youthful Look,dermatology,,FIX,Seoul,Hongdae,37.550604,126.916077,서울 마포구 양화로 66,"Hapjeong (Line 2, 10m)",free_reservation,24.23,,en:listed;ja:listed;ko:listed;zh:listed,10,mon 10:00-20:00; tue 10:00-20:00; wed 10:00-20:00; thu 10:00-20:00; fri 10:00-20:00; sat 10:00-16:30; sun 10:00-16:30,,face;skin,rf_lifting:none:0-1d;laser_toning:none:0-1d;botox:none:0-1d;soothing:none:0-0d;filler:low:1-3d;skin_booster:low:1-3d;hifu:none:0-1d;volume_booster:low:1-3d;microneedle:low:2-4d;acne:low:0-2d,low,4,,5.0,1251,True,,https://creatrip.com/en/spot/14819
14821,VIN Hair & Makeup Salon,makeup,hair_salon,CHANGE,Seoul,Gangnam,37.521454,127.039276,서울 강남구 선릉로145길 3 우림빌딩 4F,"Gangnam-gu Office (Line 7, 505m)",paid,48.54,,en:listed;ja:mentioned;ko:listed,,mon 10:00-19:00; tue 10:00-19:00; wed 10:00-19:00; thu 10:00-19:00; fri 10:00-19:00; sat 10:00-18:00; sun 10:00-18:00,,face,makeup:none:0-0d;hair_cut_style:none:0-0d,none,0,,4.7,103,True,duration_min,https://creatrip.com/en/spot/14821
14822,Brow Doll | Semi-Permanent Makeup,permanent_makeup,,CHANGE,Seoul,Gangnam,37.51405,127.031988,서울 강남구 학동로 208 2F,"Hak-dong (Line 7, 32m)",paid,161.99,,en:listed;ja:listed;ko:listed;zh:mentioned,60,mon 11:00-19:30; tue 11:00-19:30; wed 11:00-19:30; thu 11:00-19:30; fri 11:00-19:30; sat 11:00-19:30; sun 11:00-19:30,,,brow_tattoo:high:5-7d;lip_tattoo:high:5-7d;eyeliner_tattoo:low:2-4d,high,7,,5.0,36,True,,https://creatrip.com/en/spot/14822
14823,Daily and Spa,body_scrub,,RESTORE,Seoul,Seoul National Univ,37.482259,126.949359,서울 관악구 봉천로 446 2F,"Seoul Nat`l Univ. (Line 2, 320m)",paid,36.77,,en:listed;ja:listed;ko:listed,,mon 07:00-22:00; tue 07:00-22:00; wed 07:00-22:00; thu 07:00-22:00; fri 07:00-22:00; sat 07:00-22:00; sun 07:00-22:00,,,body_scrub:none:0-0d,none,0,,4.9,36,True,duration_min,https://creatrip.com/en/spot/14823
14827,Semi-Permanent Makeup | DELUMINA Beauty,permanent_makeup,,CHANGE,Seoul,Myeongdong,37.563844,126.990603,서울 중구 저동2가 47-11 6F,"Euljiro 3(sam)-ga (Line 2, 326m)",paid,52.08,,en:listed;ja:listed;ko:listed;zh:listed,60,mon 11:00-20:00; tue 11:00-20:00; wed 11:00-20:00; thu 11:00-20:00; fri 11:00-20:00; sat 11:00-18:00; sun closed,sun,face;skin,soothing:none:0-0d;brow_tattoo:high:5-7d;makeup:none:0-0d;peel:none:0-1d;sauna:none:0-0d;eyeliner_tattoo:low:2-4d;personal_color:none:0-0d;lip_tattoo:high:5-7d,high,7,,4.3,27,True,,https://creatrip.com/en/spot/14827
14830,Personal Color Analysis | Color Lover,personal_color,,CHANGE,Seoul,Seongsudong,37.540282,127.055102,서울 성동구 성수이로 51 1차 1302호,"Seongsu (Line 2, 489m)",paid,71.42,,en:listed;ja:listed;ko:listed;zh:listed,60,mon 10:00-21:00; tue 10:00-21:00; wed 10:00-21:00; thu 10:00-21:00; fri 10:00-21:00; sat 10:00-21:00; sun 10:00-21:00,,face,personal_color:none:0-0d;makeup:none:0-0d,none,0,,5.0,120,True,,https://creatrip.com/en/spot/14830
14835,SOONSIKI Hair Seongsu | Seoul's Most-Booked Salon for International Visitors,hair_salon,,CHANGE,Seoul,Seongsudong,37.545146,127.051727,서울 성동구 연무장3길 17 4F,"Seongsu (Line 2, 380m)",deposit,,24.27,en:mentioned;ko:listed,,mon closed; tue closed; wed 10:00-19:00; thu 10:00-19:00; fri 10:00-19:00; sat 10:00-19:00; sun 10:00-19:00,mon;tue,,hair_cut_style:none:0-0d,none,0,,4.9,236,True,price_min_usd;duration_min,https://creatrip.com/en/spot/14835
14841,Dakyo Nail Seongsu Branch,nail_art,,CHANGE,Seoul,Seongsudong,37.542663,127.059681,서울 성동구 연무장15길 11 B동 3F,"Seongsu (Line 2, 392m)",paid,16.23,,en:listed;ko:listed,60,"mon 11:00-13:00,14:00-21:00; tue 11:00-13:00,14:00-21:00; wed 11:00-13:00,14:00-21:00; thu 11:00-13:00,14:00-21:00; fri 11:00-13:00,14:00-21:00; sat 11:00-13:00,14:00-21:00; sun 11:00-13:00,14:00-21:00",,,nail:none:0-0d,none,0,,4.9,16,True,,https://creatrip.com/en/spot/14841
14844,AKNACK TOOL Cheongdam Branch,makeup,hair_salon,CHANGE,Seoul,Gangnam,37.519883,127.048438,서울 강남구 삼성로135길 11 2F,"Cheongdam (Line 7, 313m)",deposit,,169.84,en:mentioned;ko:listed,60,mon 10:00-19:00; tue 10:00-19:00; wed 10:00-19:00; thu 10:00-19:00; fri 10:00-19:00; sat 10:00-19:00; sun 10:00-19:00,,face,hair_cut_style:none:0-0d;makeup:none:0-0d,none,0,,4.9,78,True,price_min_usd,https://creatrip.com/en/spot/14844
14846,"AKNACK Seongsu | Trendy Hair Salon in Seoul for Cut, Color & Styling",hair_salon,,CHANGE,Seoul,Seongsudong,37.541388,127.047954,"서울 성동구 성수일로1길 3 1F, 2F","Seoul-forest (Suin·Bundang Line, 382m)",deposit,,40.92,en:mentioned;ko:listed,60,mon closed; tue closed; wed 10:00-19:00; thu 10:00-19:00; fri 10:00-19:00; sat 10:00-19:00; sun 10:00-19:00,mon;tue,,hair_cut_style:none:0-0d,none,0,,5.0,157,True,price_min_usd,https://creatrip.com/en/spot/14846
14852,Vivid Hue Personal Color & Body Type Analysis,personal_color,,CHANGE,Seoul,Hongdae,37.556292,126.926667,서울 마포구 와우산로29길 66 2F,"Hongik Univ. (Line 2, 271m)",paid,95.72,,en:listed;ja:listed;ko:listed;zh:listed,60,mon 09:00-20:00; tue 09:00-20:00; wed 09:00-20:00; thu 09:00-20:00; fri 09:00-20:00; sat 09:00-20:00; sun 09:00-20:00,,,personal_color:none:0-0d,none,0,,5.0,764,True,,https://creatrip.com/en/spot/14852
14857,[🎁Discount Event] PROJECT HIN | Seongsu Hair & Makeup,makeup,hair_salon,CHANGE,Seoul,Seongsudong,37.542584,127.058219,"서울 성동구 연무장13길 9, 2F","Seongsu (Line 2, 349m)",paid,45.83,,en:mentioned;ko:listed,180,mon closed; tue 10:00-20:00; wed 10:00-20:00; thu 10:00-20:00; fri 10:00-20:00; sat 10:00-20:00; sun 10:00-20:00,mon,face,hair_cut_style:none:0-0d;makeup:none:0-0d,none,0,,4.9,40,True,,https://creatrip.com/en/spot/14857
14868,RED | Permanent Makeup,permanent_makeup,,CHANGE,Seoul,Gangnam,37.524751,127.026921,서울 강남구 논현로167길 16 삼구빌딩 301호,"Apgujeong (Line 3, 210m)",deposit,,52.08,en:mentioned;ja:mentioned;ko:listed;zh:mentioned,40,mon 10:00-21:00; tue 10:00-21:00; wed 10:00-21:00; thu 10:00-21:00; fri 10:00-21:00; sat 10:00-21:00; sun closed,sun,,lip_tattoo:high:5-7d;scalp_tattoo:low:2-4d;brow_tattoo:high:5-7d;eyeliner_tattoo:low:2-4d,high,7,,4.9,55,True,price_min_usd,https://creatrip.com/en/spot/14868
14869,DAYLEAN Makeup,makeup,,CHANGE,Seoul,Hongdae,37.557321,126.929253,서울 마포구 신촌로4길 5-13 4F,"Hongik Univ. (Line 2, 360m)",paid,48.54,,en:mentioned;ja:mentioned;ko:mentioned,40,mon 09:00-16:00; tue 09:00-16:00; wed 09:00-16:00; thu 09:00-16:00; fri 09:00-16:00; sat 09:00-16:00; sun 09:00-16:00,,face,makeup:none:0-0d;photo:none:0-0d,none,0,,4.7,50,True,,https://creatrip.com/en/spot/14869
14874,Eyes U Studio | ID Photo & Profile,photo_studio,,PHOTO,Seoul,Seongsudong,37.542867,127.055454,서울 성동구 연무장7가길 10-1 2F,"Seongsu (Line 2, 201m)",paid,36.77,,en:listed;ko:listed,20,mon 10:00-21:00; tue 10:00-21:00; wed 10:00-21:00; thu 10:00-21:00; fri 10:00-21:00; sat 10:00-21:00; sun 10:00-21:00,,face,photo:none:0-0d;makeup:none:0-0d;hair_cut_style:none:0-0d,none,0,dermatology;hair_salon;personal_color,5.0,136,True,,https://creatrip.com/en/spot/14874
14875,Eyes U Studio | Idol Concept Shoot,photo_studio,,PHOTO,Seoul,Seongsudong,37.542867,127.055454,"서울 성동구 연무장7가길 10-1, 2F","Seongsu (Line 2, Nonem)",paid,59.52,,en:listed;ko:listed,30,mon 10:00-21:00; tue 10:00-21:00; wed 10:00-21:00; thu 10:00-21:00; fri 10:00-21:00; sat 10:00-21:00; sun 10:00-21:00,,face,hair_cut_style:none:0-0d;makeup:none:0-0d;photo:none:0-0d,none,0,dermatology;hair_salon;personal_color,4.9,62,True,,https://creatrip.com/en/spot/14875
14876,COCOREA | Makeup & Personal Color Analysis,personal_color,makeup,CHANGE,Seoul,Myeongdong,37.562751,126.983905,서울 중구 명동4길 21 1F,"Euljiro 1(il)-ga (Line 2, 380m)",paid,33.87,,en:listed;ja:mentioned;ko:listed,90,mon 09:00-21:00; tue 09:00-21:00; wed 09:00-21:00; thu 09:00-21:00; fri 09:00-21:00; sat 09:00-21:00; sun 09:00-21:00,,face;skin,soothing:none:0-0d;makeup:none:0-0d;personal_color:none:0-0d;photo:none:0-0d,none,0,,4.9,114,True,,https://creatrip.com/en/spot/14876
14884,ECO JARDIN Gyeongbokgung Branch | Complete Hair & Makeup Makeover Studio,hair_salon,makeup,CHANGE,Seoul,Jongro,37.576923,126.972142,서울 종로구 자하문로 9 3F,"Gyeongbokgung (Line 3, 174m)",deposit,,101.16,en:listed;ko:listed;zh:mentioned,,mon 10:00-20:00; tue 10:00-20:00; wed 10:00-20:00; thu 10:00-20:00; fri 10:00-20:00; sat 10:00-20:00; sun 10:00-20:00,,face,makeup:none:0-0d;personal_color:none:0-0d;hair_cut_style:none:0-0d;massage:none:0-0d,none,0,,4.9,3063,True,price_min_usd;duration_min,https://creatrip.com/en/spot/14884
14892,"Margaux Beauty | Brightening, Stretch Mark Care",permanent_makeup,massage,CHANGE,Seoul,Hongdae,37.554131,126.9276,서울 마포구 와우산로27길 14 2F,"Hongik Univ. (Line 2, 454m)",deposit,,37.2,en:mentioned;ja:mentioned;ko:listed;zh:mentioned,,mon 11:00-21:00; tue 11:00-21:00; wed 11:00-21:00; thu 11:00-21:00; fri 11:00-21:00; sat 11:00-21:00; sun 11:00-21:00,,skin,laser_toning:none:0-1d,none,1,,4.6,5,True,price_min_usd;duration_min,https://creatrip.com/en/spot/14892
14910,AnanaStudio Seongsu | ID & Concept photoshoot,photo_studio,,PHOTO,Seoul,Seongsudong,37.539729,127.056405,서울 성동구 뚝섬로9길 16 4F,"Seongsu (Line 2, 546m)",paid,33.1,,en:listed;ja:mentioned;ko:listed;zh:mentioned,30,mon 11:00-20:00; tue 11:00-20:00; wed 11:00-20:00; thu 11:00-20:00; fri 11:00-20:00; sat 11:00-20:00; sun 12:00-20:00,,,hair_cut_style:none:0-0d;photo:none:0-0d,none,0,dermatology;hair_salon;personal_color,5.0,45,True,,https://creatrip.com/en/spot/14910
14914,Hatha Yoga Class | Songpanaru Station Branch,yoga_wellness,,RESTORE,Seoul,Songpa,37.507939,127.110263,서울 송파구 백제고분로 411 5F,"Songpanaru (Line 9, 315m)",paid,24.37,,en:listed;ko:listed,,mon closed; tue closed; wed closed; thu 13:30-15:30; fri closed; sat 13:30-15:30; sun closed,mon;tue;wed;fri;sun,,yoga_wellness:none:0-0d,none,0,,4.9,14,True,duration_min,https://creatrip.com/en/spot/14914
14915,SEREN BEAUT Seolleung Branch | Eyelash Perm & Semi-Permanent Makeup,permanent_makeup,,CHANGE,Seoul,Gangnam,37.503773,127.052544,서울 강남구 선릉로86길 34 6F,"Seolleung (Suin·Bundang Line, 327m)",paid,36.92,,en:mentioned;ja:mentioned;ko:listed;zh:mentioned,70,mon 11:00-19:00; tue 11:00-19:00; wed 11:00-19:00; thu 11:00-19:00; fri 11:00-19:00; sat closed; sun closed,sat;sun,face;skin,brow_tattoo:high:5-7d;eyeliner_tattoo:low:2-4d;lip_tattoo:high:5-7d;hair_cut_style:none:0-0d;lash_lift:none:0-1d;soothing:none:0-0d,high,7,,4.9,10,True,,https://creatrip.com/en/spot/14915
14926,The Ritual Room Hongdae Branch | Sugar Waxing & Lash Perm,permanent_makeup,,CHANGE,Seoul,Hongdae,37.553529,126.922295,서울 마포구 어울마당로 96 507호,"Hongik Univ. (Line 2, 377m)",paid,36.84,,en:listed;ko:listed,60,mon 10:00-22:00; tue 10:00-22:00; wed 10:00-22:00; thu 10:00-22:00; fri 10:00-22:00; sat 10:00-22:00; sun closed,sun,face,waxing:low:0-1d;hair_cut_style:none:0-0d;lash_lift:none:0-1d;brow_tattoo:high:5-7d;lip_tattoo:high:5-7d,high,7,,4.9,56,True,,https://creatrip.com/en/spot/14926
14927,The Ritual Room Gangnam Branch | Sugar Waxing & Lash Perm,permanent_makeup,,CHANGE,Seoul,Gangnam,37.501256,127.027082,서울 강남구 테헤란로1길 44 403호,"Gangnam (Line 2, 369m)",paid,22.15,,en:mentioned;ko:listed,60,mon 10:00-17:00; tue 10:00-17:00; wed 10:00-17:00; thu 10:00-17:00; fri 15:00-18:00; sat 10:00-17:00; sun 10:00-17:00,,face;skin,hair_cut_style:none:0-0d;lash_lift:none:0-1d;soothing:none:0-0d;brow_tattoo:high:5-7d;lip_tattoo:high:5-7d,high,7,,4.7,10,True,,https://creatrip.com/en/spot/14927
14938,iimi Hair & Makeup Salon,makeup,,CHANGE,Seoul,Hongdae,37.557206,126.920638,서울 마포구 월드컵북로4길 15 2F,"Hongik Univ. (Line 2, 270m)",paid,49.1,,en:mentioned;ko:listed;zh:mentioned,120,mon closed; tue 11:00-19:00; wed 11:00-19:00; thu 11:00-19:00; fri 11:00-19:00; sat 11:00-19:00; sun 11:00-19:00,mon,face,makeup:none:0-0d;photo:none:0-0d,none,0,,4.3,33,True,,https://creatrip.com/en/spot/14938
14955,"Fleur Jardin Myeongdong Branch | Skincare, Nail Art, Foot Spa",nail_art,massage,CHANGE,Seoul,Myeongdong,37.563562,126.98575,서울 중구 명동10길 7-9 2F,"Myeong-dong (Line 4, 356m)",paid,29.54,,en:listed;ko:listed,60,mon 10:00-20:00; tue 10:00-20:00; wed 10:00-20:00; thu 10:00-20:00; fri 10:00-20:00; sat 10:00-20:00; sun 10:00-20:00,,skin,nail:none:0-0d;soothing:none:0-0d;massage:none:0-0d;laser_toning:none:0-1d;peel:none:0-1d,none,1,,5.0,640,True,,https://creatrip.com/en/spot/14955
14961,Korean Spa in Myeongdong | Myeongdong Mud,massage,,RESTORE,Seoul,Myeongdong,37.561515,126.983765,서울 중구 명동8나길 22,"Myeong-dong (Line 4, 400m)",paid,58.84,,en:listed;ja:listed;ko:listed;zh:listed,120,mon 09:00-23:30; tue 09:00-23:30; wed 09:00-23:30; thu 09:00-23:30; fri 09:00-23:30; sat 09:00-23:30; sun 09:00-23:30,,skin,massage:none:0-0d;soothing:none:0-0d;body_scrub:none:0-0d,none,0,,4.8,903,True,,https://creatrip.com/en/spot/14961
14968,Aroma Massage | Oasia,massage,,RESTORE,Seoul,Myeongdong,37.563615,126.984307,서울 중구 명동길 36-1 8F,"Euljiro 1(il)-ga (Line 2, 306m)",paid,44.13,,en:listed;ko:listed,60,mon 11:00-23:59; tue 11:00-23:59; wed 11:00-23:59; thu 11:00-23:59; fri 11:00-23:59; sat 11:00-23:59; sun 11:00-23:59,,,massage:none:0-0d,none,0,,4.8,366,True,,https://creatrip.com/en/spot/14968
14969,PN Studio | Hongdae Branch,photo_studio,,PHOTO,Seoul,Hongdae,37.55457,126.928229,서울 마포구 와우산로29나길 13-3 b1,"Hongik Univ. (Line 2, 448m)",paid,22.06,,en:mentioned;ko:listed,,mon 11:00-20:00; tue 11:00-20:00; wed 11:00-20:00; thu 11:00-20:00; fri 11:00-20:00; sat 11:00-20:00; sun 11:00-20:00,,face,photo:none:0-0d;personal_color:none:0-0d;makeup:none:0-0d,none,0,dermatology;hair_salon;personal_color,5.0,43,True,duration_min,https://creatrip.com/en/spot/14969
14983,Private Bath & Body Scrub Salon (for both men & women) | SLICK,body_scrub,,RESTORE,Seoul,Eunpyeong,37.600767,126.922956,서울 은평구 은평로 137 B호,"Yeokchon (Line 6, 588m)",paid,36.9,,en:listed;ko:listed,,mon 09:00-22:00; tue 09:00-22:00; wed 09:00-22:00; thu 09:00-22:00; fri 09:00-22:00; sat 09:00-22:00; sun 09:00-22:00,,,body_scrub:none:0-0d,none,0,,4.7,14,True,duration_min,https://creatrip.com/en/spot/14983
15003,King Beauty | Permanent Makeup & Lash Perm in Busan,permanent_makeup,,CHANGE,Busan,Seomyeon,35.157351,129.054238,부산 부산진구 가야대로 756 5F,,paid,25.74,,en:mentioned;ko:listed;zh:listed,180,mon 10:00-19:00; tue 10:00-19:00; wed 10:00-19:00; thu 10:00-19:00; fri 10:00-19:00; sat 10:00-19:00; sun 10:00-19:00,,face;skin,brow_tattoo:high:5-7d;eyeliner_tattoo:low:2-4d;microneedle:low:2-4d;acne:low:0-2d;soothing:none:0-0d;hair_cut_style:none:0-0d;lash_lift:none:0-1d,high,7,,4.9,536,True,,https://creatrip.com/en/spot/15003
15009,COLORIZE Myeongdong Main Branch | Personal Color Analysis,personal_color,,CHANGE,Seoul,Myeongdong,37.561666,126.987652,서울 중구 퇴계로 141-10 세종호텔 별관 1층,"Myeong-dong (Line 4, 144m)",paid,92.04,,en:listed;ja:listed;ko:listed;zh:listed,50,mon 10:00-22:00; tue 10:00-22:00; wed 10:00-22:00; thu 10:00-22:00; fri 10:00-22:00; sat 10:00-22:00; sun 10:00-22:00,,face,personal_color:none:0-0d;makeup:none:0-0d,none,0,,5.0,201,True,,https://creatrip.com/en/spot/15009
15023,Women-only Private Bath & Body Scrub | ONA,body_scrub,,RESTORE,Seoul,Myeongdong,37.56221,126.984018,서울 중구 명동4길 31 B1F,"Myeong-dong (Line 4, 396m)",paid,36.9,,en:listed;ja:listed;ko:listed,,mon 09:00-23:55; tue 09:00-23:55; wed 09:00-23:55; thu 09:00-23:55; fri 09:00-23:55; sat 09:00-23:55; sun 09:00-23:55,,,body_scrub:none:0-0d,none,0,,4.9,179,True,duration_min,https://creatrip.com/en/spot/15023
15035,WARM N COOL Personal Color Analysis | Gangnam Main Branch,personal_color,makeup,CHANGE,Seoul,Seocho,37.50395,127.021782,서울 서초구 사평대로 353 2F 205호,"Sinnonhyeon (Line 9, 331m)",paid,125.18,,en:listed;ko:listed;zh:listed,,mon 10:00-20:30; tue 10:00-20:30; wed 10:00-20:30; thu 10:00-20:30; fri 10:00-20:30; sat 10:00-20:30; sun 10:00-20:30,,face,personal_color:none:0-0d;makeup:none:0-0d,none,0,,5.0,282,True,duration_min,https://creatrip.com/en/spot/15035
15053,Miyu Makeup,makeup,,CHANGE,Seoul,Hongdae,37.557938,126.918113,서울 마포구 월드컵북로 41 2F,"Hongik Univ. (Line 2, 505m)",paid,59.07,,en:mentioned;ko:listed,75,mon 08:00-19:00; tue 08:00-19:00; wed 08:00-19:00; thu 08:00-19:00; fri 08:00-19:00; sat 08:00-19:00; sun 08:00-19:00,,face,makeup:none:0-0d;personal_color:none:0-0d,none,0,,4.9,333,True,,https://creatrip.com/en/spot/15053
15060,DAKYO | Cheongdam Branch,makeup,hair_salon,CHANGE,Seoul,Apgujeong,37.526427,127.040761,"서울 강남구 선릉로160길 5 MM빌딩 2,3F","Apgujeong rodeo (Suin·Bundang Line, 108m)",paid,36.83,,en:mentioned;ja:mentioned;ko:listed,60,mon 10:00-18:00; tue 10:00-18:00; wed 10:00-18:00; thu 10:00-18:00; fri 10:00-18:00; sat 10:00-18:00; sun 10:00-18:00,,face,makeup:none:0-0d;hair_cut_style:none:0-0d;massage:none:0-0d,none,0,,4.8,84,True,,https://creatrip.com/en/spot/15060
15076,DIORE CLINIC | Lifting Expertise in Gangnam,dermatology,,FIX,Seoul,Gangnam,37.500866,127.02687,서울 강남구 강남대로 428 9F,"Gangnam (Line 2, 329m)",free_reservation,,,en:listed;ja:listed;ko:listed;th:mentioned;zh:listed,,mon 10:30-20:30; tue 10:30-20:30; wed 10:30-20:30; thu 10:30-20:30; fri 10:30-20:30; sat 10:00-17:00; sun 10:00-17:00,,face;skin,filler:low:1-3d;hifu:none:0-1d;rf_lifting:none:0-1d;skin_booster:low:1-3d;soothing:none:0-0d;massage:none:0-0d,low,3,,4.8,762,True,price_min_usd;duration_min,https://creatrip.com/en/spot/15076
15107,FLOTIZ | Semi-Permanent Makeup,permanent_makeup,,CHANGE,Seoul,Hongdae,37.560577,126.926421,서울 마포구 연희로 19,"Hongik Univ. (Line 2, 491m)",paid,185.99,,en:mentioned;ko:listed,120,mon 11:00-20:00; tue 11:00-20:00; wed 11:00-20:00; thu 11:00-20:00; fri 11:00-20:00; sat 11:00-20:00; sun 11:00-20:00,,,brow_tattoo:high:5-7d;eyeliner_tattoo:low:2-4d,high,7,,4.9,96,True,,https://creatrip.com/en/spot/15107
15112,LIJIN Clinic | Private Skin Clinic with Lifting Expertise,dermatology,,FIX,Seoul,Myeongdong,37.562498,126.981046,서울 중구 남대문로 55 3F,"Hoehyeon (Line 4, 338m)",free_reservation,606.76,,en:listed;ja:listed;ko:listed;th:listed;zh:listed,,"mon 09:30-14:00,15:00-20:00; tue 09:30-14:00,15:00-20:00; wed 09:30-14:00,15:00-20:00; thu 09:30-14:00,15:00-20:00; fri 09:30-14:00,15:00-20:00; sat 09:30-14:00,15:00-20:00; sun 09:30-14:00,15:00-20:00",,face;skin,hifu:none:0-1d;skin_booster:low:1-3d;rf_lifting:none:0-1d;soothing:none:0-0d;peel:none:0-1d,low,3,,4.9,179,True,duration_min,https://creatrip.com/en/spot/15112
15113,Mamaink Tattoo Studio,permanent_makeup,,CHANGE,Seoul,Yongsan,37.539725,126.96257,서울 용산구 효창원로62길 16 4F,"Hyochang park (Line 6, 119m)",paid,74.39,,en:listed;ko:listed,60,mon 11:00-22:00; tue 11:00-22:00; wed 11:00-22:00; thu 11:00-22:00; fri 11:00-22:00; sat 11:00-22:00; sun 11:00-22:00,,,photo:none:0-0d,none,0,,5.0,585,True,,https://creatrip.com/en/spot/15113
15115,Mamaink Academy | One-Day Tattoo Class,permanent_makeup,,CHANGE,Seoul,Yongsan,37.539725,126.96257,서울 용산구 효창원로62길 16 4F,"Hyochang park (Line 6, Nonem)",paid,184.04,,en:listed;ko:listed,300,mon 13:00-18:00; tue 13:00-18:00; wed 13:00-18:00; thu 13:00-18:00; fri 13:00-18:00; sat 13:00-18:00; sun 13:00-18:00,,,,,,,5.0,5,True,procedures,https://creatrip.com/en/spot/15115
15130,THE SEOL:HA Hanok Spa | Organic Vegan Head Spa & Private Korean Body Scrub in Hongdae,massage,hair_salon,RESTORE,Seoul,Hongdae,37.556395,126.918248,서울특별시 마포구 서교동 448-31,"Hongik Univ. (Line 2, 477m)",paid,22.09,,en:listed;ja:listed;ko:listed;zh:listed,100,mon 09:00-21:00; tue 09:00-21:00; wed 09:00-21:00; thu 09:00-21:00; fri 09:00-21:00; sat 09:00-21:00; sun 09:00-21:00,,skin,hair_cut_style:none:0-0d;body_scrub:none:0-0d;soothing:none:0-0d;massage:none:0-0d;laser_toning:none:0-1d,none,1,,4.9,187,True,,https://creatrip.com/en/spot/15130
15135,COREMUSEUMS | Gangnam Pilates,yoga_wellness,,RESTORE,Seoul,Gangnam,37.508988,127.052672,서울 강남구 봉은사로68길 55,"Samseong Jungang (Line 9, 457m)",paid,40.61,,en:listed;ko:listed,45,"mon 07:00-14:00,17:00-22:00; tue 09:00-16:00,17:00-22:00; wed 07:00-14:00,17:00-22:00; thu 09:00-16:00,17:00-22:00; fri 07:00-14:00,17:00-22:00; sat 10:00-13:00; sun closed",sun,,yoga_wellness:none:0-0d,none,0,,5.0,18,True,,https://creatrip.com/en/spot/15135
15144,Hongdae Body & Skin | Skin Care & Aesthetics,massage,,RESTORE,Seoul,Hongdae,37.553245,126.922388,서울 마포구 어울마당로 94-7 5F,"Hongik Univ. (Line 2, 405m)",paid,37.2,,en:mentioned;ko:listed,70,mon 11:00-21:00; tue 11:00-21:00; wed 11:00-21:00; thu 11:00-21:00; fri 11:00-21:00; sat 11:00-21:00; sun closed,sun,skin,soothing:none:0-0d;laser_toning:none:0-1d;massage:none:0-0d,none,1,,5.0,38,True,,https://creatrip.com/en/spot/15144
15166,#CCONTE Flagship Apgujeong Rodeo  | Foreigner-Friendly Hair Salon in Seoul,hair_salon,,CHANGE,Seoul,Gangnam,37.52705,127.039143,서울 강남구 선릉로161길 15-3 3F,,deposit,,25.77,en:mentioned;ko:listed;zh:mentioned,,mon 11:00-20:00; tue 11:00-20:00; wed 11:00-20:00; thu 11:00-20:00; fri 11:00-20:00; sat 11:00-20:00; sun 11:00-20:00,,,hair_cut_style:none:0-0d;personal_color:none:0-0d,none,0,,5.0,468,True,price_min_usd;duration_min,https://creatrip.com/en/spot/15166
15170,Cassia Thai Massage | Hongdae Main Branch,massage,,RESTORE,Seoul,Hongdae,37.556724,126.925472,서울 마포구 양화로18안길 16 2F,"Hongik Univ. (Line 2, 161m)",paid,44.13,,en:listed;ko:listed,,"mon 13:00-23:59,00:00-02:00; tue 13:00-23:59,00:00-02:00; wed 13:00-23:59,00:00-02:00; thu 13:00-23:59,00:00-02:00; fri 13:00-23:59,00:00-02:00; sat 12:00-23:59,00:00-02:00; sun 12:00-23:59,00:00-02:00",,,massage:none:0-0d,none,0,,4.7,60,True,duration_min,https://creatrip.com/en/spot/15170
15184,COCORY Color Gangnam Branch | Personal Color Analysis,personal_color,makeup,CHANGE,Seoul,Gangnam,37.553502,126.923282,,,paid,124.98,,en:listed;ja:listed;ko:listed;zh:listed,60,mon 09:00-18:00; tue 09:00-18:00; wed 09:00-18:00; thu 09:00-18:00; fri 09:00-18:00; sat 09:00-18:00; sun 09:00-18:00,,,personal_color:none:0-0d,none,0,,4.9,16,True,,https://creatrip.com/en/spot/15184
15186,COCORY Color Myeongdong Branch | Personal Color Analysis,personal_color,,CHANGE,Seoul,Myeongdong,37.563555,126.985739,서울 중구 명동10길 7-9,"Myeong-dong (Line 4, 356m)",paid,123.56,,en:listed;ja:listed;ko:listed;zh:listed,60,mon 09:00-18:00; tue 09:00-18:00; wed 09:00-18:00; thu 09:00-18:00; fri 09:00-18:00; sat 09:00-18:00; sun 09:00-18:00,,,personal_color:none:0-0d,none,0,,5.0,140,True,,https://creatrip.com/en/spot/15186
15196,DayBeau Clinic Gangnam,dermatology,,FIX,Seoul,Gangnam,37.506396,127.024113,서울 강남구 강남대로 494,"Sinnonhyeon (Line 9, 209m)",free_reservation,,,en:listed;ja:listed;ko:listed;vi:listed;zh:listed,,mon 10:00-21:00; tue 10:00-19:00; wed 10:00-19:00; thu 10:00-19:00; fri 10:00-21:00; sat 10:00-19:00; sun 10:00-19:00,,face;skin,botox:none:0-1d;filler:low:1-3d;hifu:none:0-1d;rf_lifting:none:0-1d;skin_booster:low:1-3d;laser_toning:none:0-1d;ablative_laser:high:5-7d;microneedle:low:2-4d;soothing:none:0-0d,high,7,,4.9,1500,True,price_min_usd;duration_min,https://creatrip.com/en/spot/15196
15197,DayBeau Clinic Myeongdong The Luxe | Solo VIP Room | Book and receive 10 free sheet masks,dermatology,,FIX,Seoul,Myeongdong,37.56509,126.98292,서울 중구 남대문로 90 명동 N빌딩 6층 데이뷰의원 명동더프리미엄점,"Euljiro 1(il)-ga (Line 2, 106m)",deposit,,7.36,en:listed;ja:listed;ko:listed;vi:listed;zh:listed,,mon 10:00-20:00; tue 10:00-20:00; wed 10:00-20:00; thu 10:00-20:00; fri 10:00-20:00; sat 10:00-20:00; sun 10:00-20:00,,face;skin,botox:none:0-1d;filler:low:1-3d;hifu:none:0-1d;rf_lifting:none:0-1d;skin_booster:low:1-3d;microneedle:low:2-4d;soothing:none:0-0d;waxing:low:0-1d,low,4,,4.9,324,True,price_min_usd;duration_min,https://creatrip.com/en/spot/15197
15220,✨Creatrip Only✨ Sanho Mansion,photo_studio,,PHOTO,Seoul,Jongro,37.569165,126.995233,서울 종로구 청계천로 159 662호,"Jongno 3(sam)-ga (Line 1, 565m)",paid,51.54,,en:mentioned;ja:mentioned;ko:listed,30,"mon 11:00-15:00,16:00-20:00; tue 11:00-15:00,16:00-20:00; wed 11:00-15:00,16:00-20:00; thu 11:00-15:00,16:00-20:00; fri 11:00-15:00,16:00-20:00; sat 11:00-15:00,16:00-20:00; sun 11:00-15:00,16:00-20:00",,,photo:none:0-0d,none,0,dermatology;hair_salon;personal_color,4.7,19,True,,https://creatrip.com/en/spot/15220
15224,SMB Wellness Busan | Yoga & Tea Ceremony Wellness Program,yoga_wellness,,RESTORE,Busan,Gijang,35.258882,129.243045,부산 기장군 일광읍 학리등대로 34,,paid,36.9,,en:listed;ja:listed;ko:listed;mn:mentioned;ru:mentioned,40,mon 10:00-19:00; tue 10:00-19:00; wed 10:00-19:00; thu 10:00-19:00; fri 10:00-19:00; sat 10:00-19:00; sun 10:00-19:00,,,massage:none:0-0d;yoga_wellness:none:0-0d,none,0,,5.0,126,True,,https://creatrip.com/en/spot/15224
15233,Chaeha Beautywith Gangnam Branch | Personal Color & Makeup Consultation,personal_color,makeup,CHANGE,Seoul,Gangnam,37.500926,127.024559,"서울 서초구 서초대로73길 40, 1005호","Gangnam (Line 2, 422m)",paid,111.59,,en:listed;ja:listed;ko:listed;zh:listed,120,mon 11:00-20:00; tue 11:00-20:00; wed 11:00-20:00; thu 11:00-20:00; fri 11:00-20:00; sat 11:00-20:00; sun closed,sun,face,makeup:none:0-0d;personal_color:none:0-0d,none,0,,4.9,418,True,,https://creatrip.com/en/spot/15233
15239,Women-only Private Bath & Body Scrub | ONA 2nd Branch,body_scrub,,RESTORE,Seoul,Myeongdong,37.56152,126.985409,서울 중구 명동8가길 6 3F,"Myeong-dong (Line 4, Nonem)",paid,36.9,,en:listed;ja:listed;ko:listed,,mon 09:00-23:55; tue 09:00-23:55; wed 09:00-23:55; thu 09:00-23:55; fri 09:00-23:55; sat 09:00-23:55; sun 09:00-23:55,,,body_scrub:none:0-0d,none,0,,4.3,12,True,duration_min,https://creatrip.com/en/spot/15239
15245,Koho Nail | Gangnam COEX Mall,nail_art,,CHANGE,Seoul,Gangnam,37.509789,127.056966,"서울 강남구 테헤란로83길 36, 5F","Samseong Jungang (Line 9, 485m)",deposit,,22.15,en:listed;ko:listed,60,mon 11:00-20:30; tue 11:00-20:30; wed 11:00-20:30; thu 11:00-20:30; fri 11:00-20:30; sat 11:00-18:00; sun closed,sun,,nail:none:0-0d,none,0,,4.4,18,True,price_min_usd,https://creatrip.com/en/spot/15245
15248,SlimM Main Branch (Con2our by JH SlimM) | K-pop Idol Contouring Lifting + Lymphatic Therapy,massage,,RESTORE,Seoul,,37.498494,126.997523,서울 서초구 사평대로22길 24,,paid,40.92,,en:listed;ko:listed,70,mon 10:00-22:00; tue 10:00-22:00; wed 10:00-22:00; thu 10:00-22:00; fri 10:00-22:00; sat closed; sun closed,sat;sun,face;skin,soothing:none:0-0d;photo:none:0-0d;massage:none:0-0d;hifu:none:0-1d;sauna:none:0-0d,none,1,,4.9,12,True,region,https://creatrip.com/en/spot/15248
15253,TheiA Clinic | In-house AI Derma:Code,dermatology,,FIX,Seoul,Gangnam,37.499002,127.026592,서울 서초구 강남대로 407 14-15F,"Gangnam (Line 2, 143m)",free_reservation,,,en:listed;id:mentioned;ja:listed;ko:listed;zh:listed,,mon 10:00-21:00; tue 10:00-21:00; wed 10:00-21:00; thu 10:00-21:00; fri 10:00-21:00; sat 10:00-21:00; sun 10:00-21:00,,face;skin,rf_lifting:none:0-1d;skin_booster:low:1-3d,low,3,,4.9,1121,True,price_min_usd;duration_min,https://creatrip.com/en/spot/15253
15274,Daybeau Myeongdong Signature Branch | Book and receive 10 free sheet masks,dermatology,,FIX,Seoul,Myeongdong,37.564681,126.982841,서울 중구 남대문로 84,,free_reservation,,,en:listed;ja:listed;ko:listed;vi:listed;zh:listed,,mon 10:00-20:00; tue 10:00-20:00; wed 10:00-20:00; thu 10:00-20:00; fri 10:00-20:00; sat 10:00-19:00; sun 10:00-19:00,,face;skin,botox:none:0-1d;hifu:none:0-1d;rf_lifting:none:0-1d;volume_booster:low:1-3d;skin_booster:low:1-3d;microneedle:low:2-4d;soothing:none:0-0d,low,4,,4.9,152,True,price_min_usd;duration_min,https://creatrip.com/en/spot/15274
15296,ECOJARDIN COEX Samsung Branch | K-beauty Hair·Makeup & Scalp Treatment,makeup,hair_salon,CHANGE,Seoul,Gangnam,37.507426,127.059762,서울 강남구 테헤란로 514 2F,"Samseong (Line 2, 341m)",deposit,,14.88,en:mentioned;ja:mentioned;ko:listed;zh:mentioned,,mon 10:00-20:00; tue 10:00-20:00; wed 10:00-20:00; thu 10:00-20:00; fri 10:00-20:00; sat 10:00-20:00; sun 10:00-20:00,,face;skin,hair_cut_style:none:0-0d;personal_color:none:0-0d;soothing:none:0-0d;massage:none:0-0d;makeup:none:0-0d,none,0,,5.0,624,True,price_min_usd;duration_min,https://creatrip.com/en/spot/15296
15300,Sum Ami Brow | Korean Natural Eyebrow PMU,permanent_makeup,,CHANGE,Seoul,Jamsil,37.511372,127.084976,"서울 송파구 올림픽로 130, 3F","Sports Complex (Line 2, 764m)",paid,110.32,,en:mentioned;ko:listed,120,mon 10:40-19:30; tue 10:40-19:30; wed 10:40-19:30; thu 10:40-19:30; fri 10:40-19:30; sat 11:00-16:30; sun closed,sun,,brow_tattoo:high:5-7d;eyeliner_tattoo:low:2-4d;lip_tattoo:high:5-7d;scalp_tattoo:low:2-4d,high,7,,4.7,6,True,,https://creatrip.com/en/spot/15300
15314,FUSS Seongsu | A Hair Salon Featuring Specialized Designers for Every Treatment,hair_salon,,CHANGE,Seoul,Seongsudong,37.539835,127.047428,서울 성동구 성덕정3길 9,"Seoul-forest (Suin·Bundang Line, 488m)",deposit,,32.36,en:listed;ja:mentioned,,mon 10:00-19:00; tue 10:00-19:00; wed 10:00-19:00; thu 10:00-19:00; fri 10:00-19:00; sat 10:00-19:00; sun 10:00-19:00,,skin,hair_cut_style:none:0-0d;soothing:none:0-0d,none,0,,4.8,50,True,price_min_usd;duration_min,https://creatrip.com/en/spot/15314
15315,Gowoonsesang Kim Yang-che & Jang Bong-seok Skin Clinic | Busan Board-certified Dermatologist,dermatology,,FIX,Busan,Seomyeon,35.153931,129.059577,부산 부산진구 중앙대로 686 5F,,free_reservation,,,en:listed;ja:listed;zh:listed,,"mon 09:30-13:00,14:30-19:00; tue 09:30-13:00,14:30-19:00; wed 09:30-13:00,14:30-19:00; thu 09:30-13:00,14:30-19:00; fri 09:30-13:00,14:30-19:00; sat 09:30-15:30; sun closed",sun,face;skin,rf_lifting:none:0-1d;laser_toning:none:0-1d;hifu:none:0-1d;skin_booster:low:1-3d,low,3,,5.0,924,True,price_min_usd;duration_min,https://creatrip.com/en/spot/15315
15328,ECOJARDIN COEX Samsung Branch Beauty Center | Semi-permanent Makeup & Hair Salon,permanent_makeup,,CHANGE,Seoul,Gangnam,37.507405,127.059761,"서울 강남구 테헤란로 514, 2F","Samseong (Line 2, 342m)",paid,163.67,,en:listed;ja:mentioned;zh:listed,90,mon closed; tue closed; wed closed; thu closed; fri 10:00-20:00; sat 10:00-20:00; sun closed,mon;tue;wed;thu;sun,,brow_tattoo:high:5-7d;personal_color:none:0-0d;eyeliner_tattoo:low:2-4d;lip_tattoo:high:5-7d,high,7,,5.0,619,True,,https://creatrip.com/en/spot/15328
15357,OTENA CLINIC | Affordable Clinic with Guaranteed Privacy,dermatology,,FIX,Seoul,Myeongdong,37.565092,126.982923,서울 중구 남대문로 90 17F,"Euljiro 1(il)-ga (Line 2, 105m)",free_reservation,,,en:mentioned;ko:listed;zh:listed,,mon 10:00-21:00; tue 10:00-19:30; wed 10:00-19:30; thu 10:00-19:30; fri 10:00-21:00; sat 10:00-19:00; sun 10:00-19:00,,face;skin,rf_lifting:none:0-1d;hifu:none:0-1d;laser_toning:none:0-1d;pico_fractional:low:2-4d;peel:none:0-1d;soothing:none:0-0d;botox:none:0-1d;skin_booster:low:1-3d;microneedle:low:2-4d;acne:low:0-2d;ablative_laser:high:5-7d,high,7,,4.9,2938,True,price_min_usd;duration_min,https://creatrip.com/en/spot/15357
15362,RE:BERRY Clinic Myeongdong Branch | Anti-Aging Experience with Filler and Collagen,dermatology,,FIX,Seoul,Myeongdong,37.561289,126.985733,서울 중구 명동10길 58 2F,"Myeong-dong (Line 4, 225m)",free_reservation,,,en:listed;es:mentioned;ja:listed;ko:listed;mn:mentioned;th:listed;zh:listed,,mon 10:30-19:00; tue 10:30-19:00; wed 10:30-19:00; thu 10:30-19:00; fri 10:30-19:00; sat 10:30-19:00; sun 10:30-19:00,,face;skin,botox:none:0-1d;filler:low:1-3d;hifu:none:0-1d;rf_lifting:none:0-1d;skin_booster:low:1-3d;soothing:none:0-0d;sauna:none:0-0d;massage:none:0-0d,low,3,,4.8,218,True,price_min_usd;duration_min,https://creatrip.com/en/spot/15362
15376,Daybeau Clinic Busan Seomyeon Branch,dermatology,,FIX,Busan,Seomyeon,35.157203,129.05813,"부산 부산진구 서면로 74, 15층",,free_reservation,,,en:listed;ja:listed;ko:listed;ru:mentioned;zh:listed,,"mon 10:00-13:00,14:00-20:00; tue 10:00-13:00,14:00-20:00; wed 10:00-13:00,14:00-20:00; thu 10:00-13:00,14:00-20:00; fri 10:00-13:00,14:00-20:00; sat 10:00-16:00; sun closed",sun,face;skin,hifu:none:0-1d;rf_lifting:none:0-1d;skin_booster:low:1-3d,low,3,,5.0,191,True,price_min_usd;duration_min,https://creatrip.com/en/spot/15376
15377,COLOR HOLIC Myeongdong | Personal Color Analysis & Styling in One Visit,personal_color,,CHANGE,Seoul,Junggu,37.5618,126.988673,"서울 중구 삼일대로 301, 2F","Myeong-dong (Line 4, 90m)",paid,110.32,,en:listed;ja:listed;ko:listed;zh:listed,60,mon 10:00-22:00; tue 10:00-22:00; wed 10:00-22:00; thu 10:00-22:00; fri 10:00-22:00; sat 10:00-22:00; sun 10:00-22:00,,face,personal_color:none:0-0d;makeup:none:0-0d,none,0,,5.0,306,True,,https://creatrip.com/en/spot/15377
15383,DOES Studio Hongdae | Celebrity-Favorite Personal Color Analysis in Seoul,personal_color,,CHANGE,Seoul,Mapo,37.549439,126.91034,서울 마포구 포은로2가길 65 2F,"Hapjeong (Line 2, 286m)",paid,195.86,,en:listed;ja:listed;ko:listed;zh:listed,90,mon closed; tue 10:00-20:00; wed 10:00-20:00; thu 10:00-20:00; fri 10:00-20:00; sat 10:00-20:00; sun 10:00-20:00,mon,face;skin,hair_cut_style:none:0-0d;makeup:none:0-0d;personal_color:none:0-0d;soothing:none:0-0d;photo:none:0-0d,none,0,,5.0,49,True,,https://creatrip.com/en/spot/15383
15412,Ohn Studio | Precise and Systematic Personal Color Analysis,personal_color,,CHANGE,Seoul,Junggu,37.561155,126.985849,서울 중구 퇴계로 127,"Myeong-dong (Line 4, 214m)",paid,66.21,,en:listed;ko:listed;zh:listed,30,mon 10:30-18:00; tue 10:30-14:00; wed closed; thu 10:30-18:00; fri 10:30-18:00; sat 10:30-18:00; sun 10:30-18:00,wed,face,personal_color:none:0-0d;hair_cut_style:none:0-0d;makeup:none:0-0d,none,0,,5.0,197,True,,https://creatrip.com/en/spot/15412
15413,Ohn Studio | Personalized Photo Shoot Based on Personal Color,photo_studio,,PHOTO,Seoul,Junggu,37.561155,126.985849,서울 중구 퇴계로 127,"Chungmuro (Line 4, Nonem)",paid,29.42,,en:listed;ja:listed;ko:listed;zh:listed,20,mon 10:30-18:00; tue 10:30-14:00; wed closed; thu 10:30-18:00; fri 10:30-18:00; sat 10:30-18:00; sun 10:30-18:00,wed,,photo:none:0-0d,none,0,dermatology;hair_salon;personal_color,5.0,194,True,,https://creatrip.com/en/spot/15413
15420,Private Body Scrub La:Hin | A Refined Private Experience,body_scrub,,RESTORE,Seoul,Chungmuro,37.560806,126.995146,서울 중구 퇴계로 210-27 3F,"Chungmuro (Line 3, 62m)",paid,36.77,,en:listed;ja:listed;ko:listed;zh:listed,,mon 07:00-23:00; tue 07:00-23:00; wed 07:00-23:00; thu 07:00-23:00; fri 07:00-23:00; sat 07:00-23:00; sun 07:00-23:00,,,body_scrub:none:0-0d,none,0,,5.0,4,True,duration_min,https://creatrip.com/en/spot/15420
15429,#CCONTE Hongdae Yeonam Branch | Color Specialist Hair Salon Tailored for Foreigners,hair_salon,,CHANGE,Seoul,Hongdae,37.562832,126.924524,서울 마포구 동교로 255-1 2-3F,"Hongik Univ. (Line 2, Nonem)",deposit,,26.04,en:mentioned;ko:listed,,mon 11:00-20:00; tue 11:00-20:00; wed 11:00-20:00; thu 11:00-20:00; fri 11:00-20:00; sat 11:00-20:00; sun 11:00-20:00,,,hair_cut_style:none:0-0d,none,0,,5.0,141,True,price_min_usd;duration_min,https://creatrip.com/en/spot/15429
15440,✨Opening Event✨Doctor Petit Clinic Hongdae | Premium Medical Aesthetics,dermatology,,FIX,Seoul,Hongdae,37.556272,126.922375,"서울 마포구 양화로 151, 8F","Hongik Univ. (Line 2, 124m)",free_reservation,64.65,,en:listed;ja:listed;ko:listed;zh:listed,30,"mon 10:30-14:00,15:00-20:30; tue 10:30-14:00,15:00-20:30; wed 10:30-14:00,15:00-20:30; thu 10:30-14:00,15:00-20:30; fri 10:30-14:00,15:00-20:30; sat 10:30-13:00,14:00-17:00; sun 10:30-13:00,14:00-17:00",,face;skin,skin_booster:low:1-3d;soothing:none:0-0d;hifu:none:0-1d;botox:none:0-1d;filler:low:1-3d;rf_lifting:none:0-1d;acne:low:0-2d,low,3,,5.0,205,True,,https://creatrip.com/en/spot/15440
15465,BYSOMM Gangnam Main Branch | A premium semi-permanent studio offering personal design,permanent_makeup,,CHANGE,Seoul,Gangnam,37.518611,127.0241,"서울 강남구 도산대로15길 6, 401호","Sinsa (Line 3, 417m)",paid,39.03,,en:mentioned;ja:mentioned;ko:listed,120,mon closed; tue 12:00-22:00; wed 12:00-22:00; thu 12:00-22:00; fri 12:00-22:00; sat 12:00-21:00; sun 12:00-21:00,mon,,lip_tattoo:high:5-7d;brow_tattoo:high:5-7d,high,7,,5.0,14,True,,https://creatrip.com/en/spot/15465
15473,CCLIME Seongsu Branch | Premium Face Contouring Care,massage,,RESTORE,Seoul,Seongdong,37.543132,127.05241,"서울 성동구 연무장길 28-8, 4F","Seongsu (Line 2, 356m)",paid,147.58,,en:mentioned;ko:listed,70,mon 10:00-21:00; tue 10:00-21:00; wed 10:00-21:00; thu 10:00-21:00; fri 10:00-21:00; sat 10:00-21:00; sun 10:00-21:00,,skin,soothing:none:0-0d;massage:none:0-0d,none,0,,5.0,3,True,,https://creatrip.com/en/spot/15473
15479,ARGYOL Myeongdong | Hair salon near Myeongdong Station open late-night,hair_salon,,CHANGE,Seoul,Myeongdong,37.560555,126.984637,"서울 중구 퇴계로 116-1, 4F","Myeong-dong (Line 4, 325m)",deposit,,26.84,en:mentioned;ja:mentioned;ko:listed;zh:mentioned,60,mon 10:00-22:00; tue 10:00-22:00; wed 10:00-22:00; thu 10:00-22:00; fri 10:00-22:00; sat 10:00-22:00; sun 10:00-22:00,,,hair_cut_style:none:0-0d;massage:none:0-0d;personal_color:none:0-0d,none,0,,4.7,125,True,price_min_usd,https://creatrip.com/en/spot/15479
15480,CCLIME Gangnam HQ Branch | Premium Face Contouring Care,massage,,RESTORE,Seoul,Gangnam,37.511971,127.041002,서울 강남구 선릉로115길 24,"Seonjeongneung (Suin·Bundang Line, 312m)",paid,147.58,,en:mentioned;ko:listed,70,mon 10:00-21:00; tue 10:00-21:00; wed 10:00-21:00; thu 10:00-21:00; fri 10:00-21:00; sat 10:00-21:00; sun 10:00-21:00,,,massage:none:0-0d,none,0,,4.7,15,True,,https://creatrip.com/en/spot/15480
15482,CCLIME Sinsa Branch | Premium Face Contouring Care,massage,,RESTORE,Seoul,Gangnam,37.516114,127.021854,서울 강남구 도산대로6길 9,"Sinsa (Line 3, 1900m)",paid,148.79,,en:mentioned;ko:listed,70,mon 10:00-21:00; tue 10:00-21:00; wed 10:00-21:00; thu 10:00-21:00; fri 10:00-21:00; sat 10:00-21:00; sun 10:00-21:00,,,massage:none:0-0d,none,0,,4.9,66,True,,https://creatrip.com/en/spot/15482
15483,CCLIME Hongdae Branch | Premium Face Contouring Care,massage,,RESTORE,Seoul,Mapo,37.5576,126.920901,서울 마포구 월드컵북로4길 25,"Hongik Univ. (Line 2, 260m)",paid,147.09,,en:mentioned;ko:listed,70,mon 10:00-21:00; tue 10:00-21:00; wed 10:00-21:00; thu 10:00-21:00; fri 10:00-21:00; sat 10:00-21:00; sun 10:00-21:00,,,massage:none:0-0d,none,0,,4.8,18,True,,https://creatrip.com/en/spot/15483
15501,Heeda Janggi Branch | Gimpo Airport Private One-Person Body Scrub & Spa in Korea,body_scrub,,RESTORE,Gyeonggi-do,Gimpo Airport,37.644321,126.667759,경기 김포시 김포한강4로 119,,paid,36.77,,en:listed;ko:listed,,mon 08:00-22:00; tue 08:00-22:00; wed 08:00-22:00; thu 08:00-22:00; fri 08:00-22:00; sat 08:00-22:00; sun 08:00-22:00,,,body_scrub:none:0-0d,none,0,,,0,True,duration_min;rating,https://creatrip.com/en/spot/15501
15502,JJ Beauty Lab Myeongdong | Seoul Semi-Permanent Makeup & Eyebrow Specialist,permanent_makeup,,CHANGE,Seoul,Myeongdong,37.560491,126.983734,"서울 중구 퇴계로 108 13F, 1304-1호","Hoehyeon (Line 4, 378m)",paid,136.51,,en:listed;ja:mentioned;ko:listed;zh:listed,70,mon 11:00-21:00; tue 11:00-21:00; wed 11:00-21:00; thu 11:00-21:00; fri 11:00-21:00; sat 11:00-19:00; sun closed,sun,face;skin,brow_tattoo:high:5-7d;makeup:none:0-0d;laser_toning:none:0-1d;eyeliner_tattoo:low:2-4d;lip_tattoo:high:5-7d;scalp_tattoo:low:2-4d,high,7,,5.0,62,True,,https://creatrip.com/en/spot/15502
15528,[30% OFF] Ahead Head Spa | Premium Hand-Performed Scalp Care,massage,hair_salon,RESTORE,Seoul,Sinsa,37.521634,127.021789,서울특별시 강남구 신사동 524-18 2F,"Sinsa (Line 3, 594m)",deposit,,98.94,en:listed;ko:listed,,mon closed; tue 10:00-20:00; wed 10:00-20:00; thu 10:00-20:00; fri 10:00-20:00; sat 10:00-20:00; sun 10:00-20:00,mon,skin,hair_cut_style:none:0-0d;soothing:none:0-0d,none,0,,5.0,126,True,price_min_usd;duration_min,https://creatrip.com/en/spot/15528
15529,"KOKODE Sinsa | 13,000+ people chose 1:1 customized natural semi-permanent (design simulation provided)",permanent_makeup,,CHANGE,Seoul,Sinsa,37.520587,127.019597,"서울 강남구 압구정로2길 16, 5F","Sinsa (Line 3, 465m)",paid,36.77,,en:mentioned;ja:listed;ko:listed,90,mon 10:00-21:00; tue 10:00-21:00; wed 10:00-21:00; thu 10:00-21:00; fri 10:00-21:00; sat 10:00-21:00; sun 10:00-21:00,,,brow_tattoo:high:5-7d;lip_tattoo:high:5-7d;scalp_tattoo:low:2-4d,high,7,,5.0,162,True,,https://creatrip.com/en/spot/15529
15539,Healing with Light École Busan | Gwangalli Meditation Experience,yoga_wellness,,RESTORE,Busan,Suyeong,35.146011,129.113539,부산 수영구 광남로48번길 29 3F 빛으로 힐링 에콜,,paid,25.83,,en:mentioned;ko:listed,,mon 10:00-21:00; tue 10:00-21:00; wed 10:00-21:00; thu 10:00-21:00; fri 10:00-21:00; sat 10:00-21:00; sun 10:00-21:00,,,yoga_wellness:none:0-0d,none,0,,,0,True,duration_min;rating,https://creatrip.com/en/spot/15539
15542,bebrow Hongdae | Eyebrow & Eyelash Specialty Shop,permanent_makeup,,CHANGE,Seoul,Hongdae,37.54878,126.92455,"서울 마포구 독막로19길 30-7, 102호","Sangsu (Line 6, 187m)",paid,29.45,,en:listed;ko:listed,,mon 10:00-20:00; tue 10:00-20:00; wed 10:00-20:00; thu 10:00-20:00; fri 10:00-20:00; sat 10:00-20:00; sun 13:00-20:00,,face,hair_cut_style:none:0-0d;lash_lift:none:0-1d;brow_tattoo:high:5-7d;eyeliner_tattoo:low:2-4d,high,7,,5.0,3,True,duration_min,https://creatrip.com/en/spot/15542
15554,Habour  Yoga Busan | Private Wellness Experience,yoga_wellness,,RESTORE,Busan,Suyeong,35.258882,129.243045,부산 수영구 광남로 129 2F,,paid,66.41,,en:listed;ko:listed,90,mon 07:00-22:00; tue 07:00-22:00; wed 07:00-22:00; thu 07:00-22:00; fri 07:00-22:00; sat 07:00-22:00; sun 07:00-22:00,,,yoga_wellness:none:0-0d,none,0,,,0,True,rating,https://creatrip.com/en/spot/15554
15555,Shine Soo Hairline Gangnam | 1:1 Design Tailored to Your Face Shape,permanent_makeup,,CHANGE,Seoul,Gangnam,37.503726,127.026464,"서울특별시 강남구 봉은사로4길 17, 2F","Sinnonhyeon (Line 9, Nonem)",paid,260.38,,en:mentioned;ja:mentioned;ko:listed,120,mon 09:00-19:00; tue 09:00-19:00; wed 09:00-19:00; thu 09:00-19:00; fri 09:00-19:00; sat 09:00-19:00; sun 09:00-19:00,,face,makeup:none:0-0d;personal_color:none:0-0d;photo:none:0-0d,none,0,,5.0,6,True,,https://creatrip.com/en/spot/15555
15557,[Opening Event 20% Off] Nanalog Myeongdong | Largest Head Spa Salon in Myeongdong,hair_salon,,CHANGE,Seoul,Myeongdong,37.563569,126.984172,서울 중구 명동길 32 6F,"Euljiro 1(il)-ga (Line 2, 305m)",deposit,,78.84,en:listed;ko:listed,,mon 10:00-20:00; tue 10:00-20:00; wed 10:00-20:00; thu 10:00-20:00; fri 10:00-20:00; sat 10:00-20:00; sun 10:00-20:00,,,hair_cut_style:none:0-0d,none,0,,5.0,225,True,price_min_usd;duration_min,https://creatrip.com/en/spot/15557
15558,Hill Spa | Ocean View Jjimjilbang & Sauna in Busan,sauna,,RESTORE,Busan,Haeundae,35.158291,129.175404,부산 해운대구 달맞이길117번길 11,,paid,11.04,,en:mentioned;ko:listed,240,mon 00:00-24:00; tue 00:00-24:00; wed 00:00-24:00; thu 00:00-24:00; fri 00:00-24:00; sat 00:00-24:00; sun 00:00-24:00,,,body_scrub:none:0-0d;massage:none:0-0d,none,0,,5.0,15,True,,https://creatrip.com/en/spot/15558
15615,"ECOJARDIN Hongdae | Personal Color, Makeup & Head Spa",makeup,hair_salon,CHANGE,Seoul,Hongdae,37.557186,126.92762,서울특별시 마포구 신촌로4길 11,"Hongik Univ. (Line 2, 354m)",deposit,,101.16,en:listed;ja:listed;ko:listed,,mon 10:00-20:00; tue 10:00-20:00; wed 10:00-20:00; thu 10:00-20:00; fri 10:00-20:00; sat 10:00-20:00; sun 10:00-20:00,,face,makeup:none:0-0d;personal_color:none:0-0d;hair_cut_style:none:0-0d,none,0,,4.9,4372,True,price_min_usd;duration_min,https://creatrip.com/en/spot/15615
15617,Dongdaemun Body Scrub | Women-only Private Bath & Body Scrub ONA Dongdaemun,body_scrub,,RESTORE,Seoul,Dongdaemun,37.564794,127.00689,서울 중구 장충단로 223 지하1층,"Dongdaemun History  Culture Park (Line 2, 138m)",paid,36.91,,en:listed;ja:listed;ko:listed,,mon 09:00-23:55; tue 09:00-23:55; wed 09:00-23:55; thu 09:00-23:55; fri 09:00-23:55; sat 09:00-23:55; sun 09:00-23:55,,,body_scrub:none:0-0d,none,0,,4.9,211,True,duration_min,https://creatrip.com/en/spot/15617
15618,Vands Clinic Busan Seomyeon | Foreigner-Friendly Skin Clinic with On-Site Interpreters,dermatology,,FIX,Busan,Busanjin,35.1544,129.0575,부산 부산진구 서면로 48 현경빌딩 2F,,free_reservation,22.06,,en:listed;ja:listed;ko:listed;th:listed;vi:mentioned;zh:listed,,mon 10:00-20:00; tue 10:00-20:00; wed 10:00-20:00; thu 10:00-20:00; fri 10:00-20:00; sat 10:00-18:00; sun 10:00-18:00,,face;skin,hifu:none:0-1d;soothing:none:0-0d;rf_lifting:none:0-1d;pico_fractional:low:2-4d;botox:none:0-1d;skin_booster:low:1-3d;filler:low:1-3d;volume_booster:low:1-3d,low,4,,4.8,1193,True,duration_min,https://creatrip.com/en/spot/15618
15657,COCOREA Head Spa & Skin Care | Myeongdong Scalp & Facial Spa,massage,,RESTORE,Seoul,Myeongdong,37.562751,126.983905,서울 중구 명동 4길 17-1 2F,"Euljiro 1(il)-ga (Line 2, Nonem)",paid,64.87,,en:listed;ko:listed;zh:listed,60,mon 09:00-23:00; tue 09:00-23:00; wed 09:00-23:00; thu 09:00-23:00; fri 09:00-23:00; sat 09:00-23:00; sun 09:00-23:00,,skin,hair_cut_style:none:0-0d;soothing:none:0-0d,none,0,,4.9,50,True,,https://creatrip.com/en/spot/15657
15724,Dakyo Nail Hannam Branch | K-POP Mood Nail Salon,nail_art,,CHANGE,Seoul,Yongsan,37.532375,127.007247,"서울특별시 용산구 독서당로 46, 2F 204호","Hangangjin (Line 6, 935m)",paid,16.18,,en:listed;ko:listed,60,"mon 11:00-13:00,14:00-21:00; tue 11:00-13:00,14:00-21:00; wed 11:00-13:00,14:00-21:00; thu 11:00-13:00,14:00-21:00; fri 11:00-13:00,14:00-21:00; sat 11:00-13:00,14:00-21:00; sun 11:00-13:00,14:00-21:00",,,nail:none:0-0d,none,0,,3.6,5,True,,https://creatrip.com/en/spot/15724
15729,Sola Spa | Myeongdong Foot Bath · Body Scrub · Head Spa & Skin Care,massage,,RESTORE,Seoul,Myeongdong,37.559897,126.983832,"서울 중구 퇴계로14길 15, 1~2F","Euljiro 1(il)-ga (Line 2, Nonem)",paid,10.6,,en:listed;ja:listed;ko:listed;zh:listed,40,mon 09:00-23:00; tue 09:00-23:00; wed 09:00-23:00; thu 09:00-23:00; fri 09:00-23:00; sat 09:00-23:00; sun 09:00-23:00,,skin,massage:none:0-0d;body_scrub:none:0-0d;hair_cut_style:none:0-0d;soothing:none:0-0d,none,0,,4.8,260,True,,https://creatrip.com/en/spot/15729
15750,Dr.FORHAIR Care Lab Gangnam | 1:1 Scalp Diagnosis & Personalized Head Spa Care,massage,hair_salon,RESTORE,Seoul,Gangnam,37.504761,127.026418,서울특별시 강남구 봉은사로 116 은성빌딩 1F,"Sinnonhyeon (Line 9, 92m)",paid,33.13,,en:listed;ko:listed,30,mon 10:00-22:00; tue 10:00-22:00; wed 10:00-22:00; thu 10:00-22:00; fri 10:00-22:00; sat 10:00-18:00; sun closed,sun,,hair_cut_style:none:0-0d;massage:none:0-0d,none,0,,5.0,46,True,,https://creatrip.com/en/spot/15750
15761,"Myeongdong Hana Mud Korean Sauna, Body Scrub & Massage Spa for Women in Seoul",sauna,,RESTORE,Seoul,Myeongdong,37.565941,126.992181,"서울특별시 중구 을지로14길 7, 지하 1층","Euljiro 3(sam)-ga (Line 2, 55m)",paid,58.91,,en:listed;ja:listed,80,mon 09:00-22:00; tue 09:00-22:00; wed 09:00-22:00; thu 09:00-22:00; fri 09:00-22:00; sat 09:00-22:00; sun 09:00-22:00,,skin,soothing:none:0-0d;sauna:none:0-0d;body_scrub:none:0-0d;massage:none:0-0d;peel:none:0-1d,none,1,,4.7,1,True,,https://creatrip.com/en/spot/15761
15781,Enzyme Forest | Trendy Enzyme Heat Therapy & Wellness Experience,sauna,massage,RESTORE,Seoul,Gangdong,37.53456,127.142679,서울특별시 강동구 명일로 208 201호,"Gangdong (Line 5, 909m)",paid,36.92,,en:mentioned;ja:mentioned;ko:listed;zh:mentioned,60,mon 10:00-19:00; tue 10:00-19:00; wed 10:00-19:00; thu 10:00-19:00; fri 10:00-19:00; sat 10:00-18:00; sun 10:00-18:00,,,sauna:none:0-0d,none,0,,4.8,1,True,,https://creatrip.com/en/spot/15781
15793,Incheonjotang | Wellness Spa Jjimjilbang Near Incheon Airport,sauna,,RESTORE,Incheon,Yeongjongdo,37.444156,126.404587,인천 영종구 용유서로 30,,paid,10.34,,en:listed;ko:listed;zh:mentioned,720,mon 07:00-23:00; tue 07:00-23:00; wed 07:00-23:00; thu 07:00-23:00; fri 07:00-23:00; sat 07:00-23:00; sun 07:00-23:00,,,sauna:none:0-0d,none,0,,,0,True,rating,https://creatrip.com/en/spot/15793
15799,"Seoul TBC | Premium K-Beauty Head Spa, Facial and Body Massage",massage,,RESTORE,Seoul,Myeongdong,37.562751,126.983905,서울 중구 명동4길 21 4F,"Euljiro 1(il)-ga (Line 2, Nonem)",paid,52.08,,en:mentioned;ko:listed,80,mon 10:00-21:00; tue 10:00-21:00; wed 10:00-21:00; thu 10:00-21:00; fri 10:00-21:00; sat 10:00-21:00; sun 10:00-21:00,,skin,massage:none:0-0d;hair_cut_style:none:0-0d;soothing:none:0-0d;peel:none:0-1d,none,1,,4.8,211,True,,https://creatrip.com/en/spot/15799
15816,"REVL Training Gangnam | HYROX, HIIT Group Training Experience",yoga_wellness,,RESTORE,Seoul,Gangnam,37.5126,127.050786,"서울특별시 강남구 봉은사로 469, B1","Samseong Jungang (Line 9, 230m)",paid,25.84,,en:listed;ko:listed,,mon 06:30-21:30; tue 06:30-21:30; wed 06:30-21:30; thu 06:30-21:30; fri 06:30-21:30; sat 09:30-13:00; sun closed,sun,,yoga_wellness:none:0-0d,none,0,,,0,True,duration_min;rating,https://creatrip.com/en/spot/15816
